n.;identificator;Age years;Body weight;withers height;hip height;chest depth;chest width;ilium width;sciatic tubercle width;oblique body length;oblique rear length;heart girth;metacarpus girth;backside half-girth
1;2013;5;516;133;135;69;40;56;28;178;55;189;20;71
2;94;3;358;121;129;60;36;47;25;153;47;173;18;65
3;221;5;460;123;126;68;40;51;26;168;50;185;19;68
4;90;3;314;119;121;59;41;46;25;142;44;171;19;66
5;214;3;492;128;131;71;38;53;26;167;52;183;20;70
6;293;5;455;122;124;65;48;51;26;161;50;188;20;69
7;1906;5;507;129;140;73;40;57;28;170;56;198;21;70
8;231;5;427;123;125;68;39;50;27;156;51;193;19;69
9;295;5;516;125;129;71;45;56;29;171;56;194;21;71
10;378;5;422;122;119;68;40;52;27;147;53;185;19;67
11;98;3;350;117;122;61;38;42;26;149;44;177;19;66
12;249;5;511;120;126;69;45;51;28;157;53;193;20;70
13;215;5;549;127;131;72;42;56;28;169;56;191;21;71
14;400;3;398;117;122;68;36;47;25;160;48;179;19;68
15;88;3;349;124;128;64;43;47;25;148;48;176;19;68
16;389;3;414;117;118;60;41;51;26;155;47;177;20;69
17;394;5;518;127;129;69;47;55;28;164;53;222;20;73
18;253;5;478;124;129;71;42;53;26;166;54;205;19;68
19;32;3;389;124;124;55;43;48;25;155;50;185;19;67
20;24;3;316;120;125;61;36;45;25;145;46;167;18;67
21;1981;5;515;129;131;71;43;55;27;161;52;192;21;71
22;348;3;445;122;128;67;49;50;26;152;48;191;20;68
23;374;3;403;117;118;65;48;50;25;154;50;186;20;67
24;273;5;460;127;129;72;41;58;26;161;55;189;19;67
25;254;3;505;124;127;70;45;52;27;156;52;192;20;69
26;411;3;407;120;127;65;39;51;26;150;49;178;19;68
27;391;3;506;130;135;69;49;54;28;163;53;207;20;70
28;414;3;488;126;127;68;54;52;27;166;51;184;19;69
29;384;3;525;127;129;69;48;51;28;155;53;204;20;71
30;1928;5;710;135;137;75;50;66;29;189;60;231;22;75
31;2008;5;490;124;128;71;42;48;26;162;52;195;19;69
32;396;3;473;126;127;67;45;50;27;159;49;183;19;70
33;375;5;402;118;123;65;39;51;26;151;50;177;19;66
34;2006;5;458;122;123;68;41;53;27;158;50;186;20;68
35;1935;5;589;126;127;68;49;55;28;166;52;213;21;72
36;288;5;481;123;131;68;45;52;27;159;51;190;20;69
37;246;5;513;128;130;70;44;53;28;172;55;202;21;73
38;62;3;365;120;126;61;42;45;26;152;47;174;19;65
39;269;5;643;132;137;75;47;59;29;174;56;209;21;75
40;1999;5;584;134;139;73;44;56;28;183;55;202;20;73
41;2021;5;513;122;129;70;44;56;27;161;51;190;20;72
42;271;5;589;132;133;72;44;45;28;171;52;194;20;74
43;1912;5;522;127;132;70;42;56;28;169;55;195;19;73
44;1943;5;536;128;130;71;40;58;29;172;54;196;20;72
45;1970;5;505;129;126;72;38;55;27;165;52;192;19;70
46;78;3;447;122;130;68;37;50;26;158;49;183;19;68
47;2019;5;560;126;133;71;44;57;28;184;54;195;20;71
48;316;3;467;125;127;70;45;51;26;164;54;204;19;69
49;345;3;537;130;134;70;47;53;28;160;54;230;2;72
50;247;5;493;126;127;67;46;49;26;166;52;190;19;68
51;1937;5;656;132;134;72;48;60;29;183;60;212;21;75
52;323;3;412;122;123;68;37;51;27;142;52;184;18;68
53;250;5;510;127;131;72;42;55;28;173;54;201;20;73
54;328;3;437;118;120;70;38;50;26;160;46;191;19;67
55;285;5;484;124;129;71;40;55;26;176;54;192;19;68
56;1997;5;629;131;139;70;43;56;29;180;55;203;21;74
57;376;3;468;122;122;67;46;51;26;165;53;191;19;70
58;367;3;440;120;121;66;40;50;27;160;51;181;19;69
59;1925;5;448;124;131;68;37;53;27;161;54;181;19;68
60;342;3;378;125;130;66;35;50;25;164;50;173;19;67
61;2036;5;598;127;132;70;44;59;28;180;55;201;20;72
62;330;3;502;122;127;72;40;52;27;167;50;188;19;70
63;256;5;377;120;121;62;37;47;25;160;48;176;19;68
64;1961;5;455;124;131;70;40;53;26;173;52;193;20;70
65;416;3;573;129;134;70;47;58;27;178;55;199;20;72
66;7;3;362;117;122;60;37;48;26;149;47;177;19;68
67;380;3;472;125;128;67;43;56;27;160;53;189;19;70
68;258;5;445;131;132;69;41;51;27;172;52;188;19;69
69;419;3;398;120;125;65;38;51;26;147;49;177;19;68
70;228;5;479;119;125;63;41;51;26;165;53;184;19;68
71;381;3;414;122;124;65;39;50;26;158;51;181;19;67
72;338;3;446;125;129;71;38;53;27;161;55;195;19;68
73;1910;5;556;130;135;71;42;56;29;177;54;192;21;72
74;303;3;371;117;120;62;37;50;26;150;47;178;19;66
75;355;3;460;122;125;70;39;51;27;162;51;188;19;70
76;275;3;493;124;128;69;41;52;27;160;52;193;20;70
77;2033;5;647;137;139;80;44;59;29;192;56;207;21;75
78;371;3;432;118;120;69;40;52;26;153;53;188;19;68
79;80;3;406;120;124;66;37;49;26;157;49;178;19;68
80;415;3;427;120;120;66;37;50;26;163;49;192;20;68
81;45;3;470;127;131;67;40;54;26;158;53;186;20;69
82;324;3;371;120;126;65;41;49;25;147;48;181;19;65
83;209;5;474;121;126;69;45;47;26;170;45;191;20;67
84;366;3;503;122;125;70;45;54;28;166;53;196;20;70
85;1969;5;538;137;134;64;41;54;28;162;47;208;21;72
86;2047;5;611;141;132;71;49;51;29;175;55;200;21;75
87;1932;5;536;135;135;64;39;50;28;166;45;193;20;73
88;1995;5;546;134;132;65;43;50;28;172;48;192;20;73
89;413;3;411;132;124;65;35;43;26;152;46;174;19;68
90;331;3;418;121;122;53;34;41;26;150;50;175;19;69
91;225;5;466;127;126;76;46;46;27;162;46;177;19;69
92;242;5;523;126;125;65;41;49;28;153;49;203;20;71
93;383;3;447;125;127;64;36;44;26;154;44;184;19;67
94;356;3;535;128;138;65;43;50;28;161;49;193;20;69
95;279;5;604;125;128;66;45;54;28;165;51;205;21;74
96;335;3;536;135;129;62;45;40;27;145;46;171;20;70
97;417;3;533;131;132;61;45;48;28;167;48;197;20;71
98;1;3;341;120;125;55;35;42;26;131;44;166;19;68
99;29;3;383;122;128;62;38;41;27;152;44;171;19;69
100;319;3;409;120;121;60;36;48;27;154;47;173;19;69
101;1914;5;604;134;142;71;49;54;28;194;52;218;21;74
102;424;3;382;123;128;60;31;43;25;151;40;167;19;68
103;2051;5;539;127;136;68;44;52;27;168;50;192;20;70
104;2002;5;652;132;136;63;46;52;28;176;54;203;21;75
105;241;5;539;127;130;63;37;52;27;164;52;187;20;71
106;23;3;343;120;124;61;42;42;25;146;42;173;19;68
107;398;3;446;122;124;66;39;50;26;155;46;183;20;69
108;235;5;520;120;120;60;42;51;28;157;48;185;20;71
109;1909;5;431;124;129;61;41;52;26;167;46;178;19;68
110;2007;5;576;130;135;72;41;52;28;175;51;193;20;72
111;61;3;469;122;130;61;45;49;26;157;50;193;19;68
112;2005;5;550;127;130;65;43;54;27;162;50;194;20;72
113;255;5;483;125;133;65;46;54;26;167;52;190;19;70
114;276;5;550;123;128;70;40;52;27;178;54;185;20;72
115;16;3;499;124;132;69;41;53;26;167;51;207;19;71
116;2010;5;510;128;132;68;46;53;27;172;52;205;20;70
117;422;3;427;118;122;63;39;49;26;161;50;194;19;68
118;77;3;451;124;133;66;37;49;27;153;48;183;19;67
119;2061;5;550;134;137;71;45;54;28;172;51;199;20;71
120;281;3;522;127;134;71;37;55;27;175;53;190;20;70
121;360;3;422;120;125;70;36;50;26;156;52;181;19;70
122;81;3;391;120;126;65;36;48;25;158;48;184;19;66
123;259;3;499;127;132;70;47;55;26;179;52;194;19;67
124;1911;5;514;132;129;71;41;56;27;180;51;199;20;70
125;287;5;451;124;127;60;42;53;26;161;54;195;19;69
126;234;5;481;125;127;66;41;53;26;168;55;203;19;68
127;358;3;458;129;132;67;44;53;27;165;55;193;19;68
128;266;3;555;131;131;66;49;55;28;160;53;222;20;71
129;294;3;585;131;132;66;45;56;28;175;57;200;20;72
130;322;3;426;124;130;66;47;47;26;159;52;198;19;68
131;332;3;418;121;126;69;44;44;26;158;46;191;19;68
132;346;3;502;128;129;70;40;56;27;166;54;190;20;69
133;1948;5;574;128;137;68;46;56;28;170;55;205;21;72
134;392;3;355;120;122;60;34;46;25;148;47;178;19;66
135;207;3;458;123;130;69;38;53;26;163;51;194;19;68
136;277;5;517;127;126;71;39;56;27;167;51;194;20;72
137;260;5;471;122;125;66;42;54;26;170;54;182;19;68
138;373;5;457;120;121;67;44;53;26;165;50;187;19;68
139;325;3;473;123;126;67;40;52;27;161;49;186;19;67
140;401;3;446;120;124;65;37;49;26;163;49;179;19;66
141;368;3;469;132;131;69;47;50;27;153;51;192;19;67
142;423;3;444;118;122;65;47;49;26;151;47;184;19;67
143;34;3;370;121;125;65;38;48;26;155;48;177;19;66
144;1919;5;547;126;131;69;41;53;28;168;52;198;20;69
145;1930;5;516;127;132;71;37;54;28;173;55;186;20;69
146;3;3;433;127;130;66;40;51;26;171;50;182;19;68
147;48;3;462;124;133;65;44;54;26;167;50;196;19;70
148;54;3;397;125;123;65;44;50;26;144;49;187;19;68
149;243;5;455;127;129;70;41;53;27;163;51;189;20;69
150;2048;5;589;130;133;71;43;56;28;170;57;201;21;72
151;1926;5;641;127;134;70;51;61;29;169;58;212;21;75
152;219;3;735;124;133;70;52;61;30;175;58;212;22;75
153;223;5;556;128;131;69;49;55;28;171;56;213;20;72
154;317;3;451;123;131;66;44;50;27;158;47;198;19;69
155;264;5;427;120;123;66;39;50;27;155;52;193;19;68
156;1984;5;642;134;136;73;45;61;29;179;58;224;21;74
157;239;5;489;125;128;68;38;52;26;163;52;181;19;69
158;390;3;457;120;120;64;41;51;26;158;49;188;19;68
159;1964;5;554;129;132;69;44;44;28;164;51;204;20;71
160;218;5;440;120;120;63;38;49;27;159;51;189;19;69
161;201;5;458;121;120;63;45;54;27;153;49;196;19;68
162;1922;5;645;128;134;69;45;60;29;185;54;204;21;75
163;1918;5;572;127;134;70;44;54;28;174;53;206;20;73
164;318;3;431;122;127;41;51;27;67;160;48;187;19;68
165;49;3;468;121;129;42;51;27;63;158;51;188;19;68
166;397;3;461;125;129;39;51;27;67;157;50;184;19;69
167;261;5;420;127;128;40;56;26;66;153;52;193;19;67
168;407;5;484;122;125;44;32;27;67;157;51;190;19;69
169;222;3;465;128;129;38;53;27;66;159;52;189;19;68
170;1989;5;607;131;133;45;58;29;68;175;56;202;21;74
171;270;5;573;125;130;42;56;28;69;175;57;200;20;73
172;312;5;418;120;124;45;51;27;65;157;50;191;19;69
173;9;3;461;122;130;43;51;27;66;160;48;180;19;68
174;370;3;548;128;131;45;54;28;72;166;55;206;20;72
175;2009;5;541;127;136;47;58;28;69;164;52;196;20;72
176;2001;5;580;127;130;43;55;29;71;169;54;198;20;74
177;263;3;508;125;126;44;52;28;66;161;51;203;20;70
178;1993;5;512;123;131;43;56;28;70;170;52;191;20;71
179;336;3;476;120;125;45;50;27;66;161;50;187;19;68
180;1942;5;557;123;133;43;52;28;69;168;53;194;20;72
181;1973;5;658;132;133;45;58;28;71;182;53;212;21;74
182;333;3;374;120;122;36;49;25;63;155;47;174;18;66
183;1985;5;683;133;138;50;59;28;76;171;56;213;21;74
184;1958;5;551;132;134;45;58;27;71;175;55;201;20;72
185;282;5;504;124;127;69;44;52;27;163;55;192;20;70
186;1954;5;549;127;130;70;42;58;27;167;54;195;20;71
187;2020;5;705;136;143;80;52;60;29;177;60;219;22;70
188;298;5;450;127;129;71;45;55;26;162;53;196;19;68
189;1967;5;494;122;130;68;37;51;27;160;48;185;19;68
190;257;5;486;126;127;66;47;54;27;165;51;192;19;68
191;290;5;553;126;129;70;46;55;28;182;54;205;20;72
192;286;5;591;130;135;67;49;57;28;177;56;203;20;72
193;272;3;594;133;137;72;42;57;28;176;58;195;21;72
194;387;3;428;120;120;64;45;52;26;153;50;190;19;68
195;5;5;463;125;129;65;40;51;27;158;51;187;19;68
196;340;3;428;120;121;60;43;49;27;152;49;181;19;67
197;10;3;354;118;122;61;33;47;25;158;46;169;18;66
198;1927;5;523;132;132;69;45;55;28;170;51;207;20;71
199;351;3;514;123;122;68;45;49;27;158;53;199;20;71
200;284;5;534;123;124;68;49;53;28;168;52;200;20;70
201;296;5;487;121;122;64;50;54;26;163;50;191;19;68
202;38;3;389;122;128;63;38;49;26;164;48;179;18;66
203;1938;5;568;130;134;75;39;43;28;177;56;198;20;72
204;1994;5;655;126;133;73;45;57;29;174;56;208;21;74
205;220;5;567;127;130;67;51;58;28;165;54;207;20;73
206;206;3;565;124;126;65;41;55;27;163;51;193;20;72
207;27;3;517;124;137;64;43;55;27;166;50;187;20;71
208;245;3;568;129;134;67;46;54;28;170;56;198;20;73
209;211;5;689;128;132;70;53;55;29;173;60;216;21;76
210;1929;5;612;134;139;71;44;59;29;175;55;200;21;75
211;382;3;498;130;131;71;41;52;27;161;53;195;19;70
212;311;3;429;122;126;65;41;52;26;165;51;186;19;68
213;230;3;546;127;127;70;44;55;28;160;53;209;20;71
214;421;3;413;129;130;63;43;50;26;156;51;184;19;68
215;357;3;416;120;123;64;43;50;26;148;50;178;19;67
216;363;3;502;131;132;64;40;53;27;162;54;192;20;71
217;204;5;493;128;128;72;43;52;27;168;51;189;19;69
218;399;3;535;126;131;65;47;54;28;170;55;195;20;72
219;1979;5;538;127;135;74;40;56;28;175;55;203;20;73
220;217;3;494;123;129;70;43;54;26;167;52;190;19;68
221;240;3;467;125;125;67;39;51;27;161;48;185;19;68
222;283;5;645;131;129;74;51;59;29;178;57;208;21;75
223;1988;5;601;129;137;71;44;57;28;177;56;199;21;74
224;304;3;437;127;125;68;40;52;26;160;51;184;19;68
225;216;5;471;122;123;65;43;51;26;171;50;201;19;69
226;408;3;466;121;125;67;40;51;26;171;51;190;20;68
227;2063;5;677;139;137;80;46;55;28;173;60;212;21;75
228;267;3;443;130;131;67;38;51;26;164;51;187;19;68
229;313;3;500;125;128;68;42;54;27;164;50;195;20;69
230;265;5;492;124;127;66;45;51;26;157;48;194;19;68
231;274;5;507;126;129;71;43;53;28;164;54;194;20;73
232;302;5;461;123;125;64;43;50;27;153;51;188;19;68
233;306;3;462;120;122;67;42;53;27;158;50;192;19;68
234;39;3;463;123;131;65;43;51;27;162;52;183;19;68
235;1904;5;582;126;132;71;41;56;28;180;57;197;20;71
236;268;5;476;128;134;72;40;53;27;164;55;191;19;69
237;2017;5;518;127;132;69;41;55;28;168;54;190;20;71
238;280;5;565;127;130;70;42;54;28;170;55;191;20;72
239;236;5;518;129;126;69;44;57;28;170;56;188;20;70
240;233;5;583;124;128;71;45;54;29;169;53;197;20;72
241;291;5;551;128;128;69;48;55;28;166;52;194;20;71
242;1972;5;712;135;143;80;46;65;30;192;57;213;22;75
243;1992;5;502;127;131;65;43;54;28;179;53;187;20;70
244;361;3;432;120;120;62;43;49;27;157;50;178;19;68
245;1902;5;668;132;139;77;52;51;29;173;57;214;21;74
246;8;3;542;130;132;66;47;52;28;167;53;188;20;70
247;28;3;451;121;131;64;40;50;26;154;51;179;19;68
248;1980;5;543;127;133;72;43;57;27;175;51;200;20;71
249;2016;5;578;128;129;71;42;55;27;167;53;196;20;72
250;1951;5;537;131;134;72;39;55;27;171;55;195;20;71
251;1983;5;520;124;131;69;55;54;26;169;53;189;20;70
252;326;3;402;122;123;65;38;49;26;150;49;189;19;68
253;1915;5;554;128;131;72;45;54;27;166;54;189;20;71
254;1991;5;511;132;135;69;48;55;27;160;54;209;20;71
255;2003;5;546;132;139;73;42;60;27;176;56;203;20;72
256;1920;5;626;132;135;81;49;60;28;182;57;210;21;74
257;2014;5;578;134;135;75;48;58;27;175;54;204;20;72
258;412;5;415;120;121;65;38;50;26;155;51;180;19;69
259;369;3;474;122;123;65;44;51;26;165;53;185;19;69
260;1944;5;553;130;131;75;45;56;27;176;54;200;20;71
261;202;5;460;126;130;67;39;62;26;171;53;190;19;68
262;1957;5;576;125;134;71;42;54;27;169;53;192;20;73
263;320;3;519;120;124;66;46;54;27;172;56;196;20;72
264;1974;5;595;127;137;69;49;55;28;165;55;197;21;73
265;310;3;407;121;125;60;38;49;26;153;49;178;19;68
266;12;3;382;122;126;65;34;47;25;162;48;172;19;67
267;2012;5;546;129;136;72;37;56;26;174;55;195;20;72
268;327;5;413;126;127;67;45;47;26;161;50;193;19;68
269;339;3;477;125;126;65;44;53;26;158;50;185;19;69
270;212;3;499;126;133;71;39;53;27;170;52;188;19;70
271;213;5;432;121;121;65;40;50;26;162;49;180;19;68
272;1990;5;589;129;133;72;43;57;28;171;55;200;20;72
273;301;5;491;130;127;65;41;54;26;170;55;187;19;68
274;2004;5;506;131;133;70;42;56;27;170;55;195;20;70
275;393;3;453;124;127;68;44;63;26;164;52;187;19;69
276;1933;5;557;128;130;71;44;57;27;169;54;196;20;72
277;224;5;574;135;133;75;50;58;27;176;56;202;20;73
278;203;5;537;127;133;67;48;56;26;167;56;195;20;72
279;1953;5;545;127;129;71;40;58;26;176;55;189;20;71
280;251;5;514;125;131;70;44;54;27;162;53;193;20;71
281;1907;5;598;131;135;72;39;58;27;182;55;197;21;73
282;343;3;389;120;120;61;41;50;25;158;51;180;19;66
283;379;5;494;124;124;65;47;45;26;167;50;186;20;69
284;1971;5;524;127;130;70;46;56;27;168;55;202;20;71
285;2011;5;486;126;132;70;44;55;26;160;53;191;19;69
286;278;5;509;126;128;69;44;55;27;159;51;209;20;70
287;232;3;488;131;128;71;45;52;26;165;54;196;19;69
288;1936;5;534;128;134;73;37;55;27;172;55;192;20;72
289;1968;5;573;129;134;74;44;58;27;181;55;196;20;72
290;2043;5;544;134;135;70;45;54;27;177;55;196;20;71
291;353;3;446;124;123;66;35;50;26;157;51;179;19;68
292;350;3;559;132;134;74;47;54;28;168;53;208;20;72
293;1908;5;591;136;138;75;42;59;28;180;57;198;20;73
294;1913;5;712;130;139;77;53;62;29;186;58;216;22;75
295;1965;5;609;126;131;75;49;59;28;165;55;213;21;74
296;1901;5;618;135;137;75;46;62;28;174;57;209;21;74
297;46;3;450;122;129;63;45;51;26;163;49;180;19;68
298;1987;5;571;135;135;75;42;59;27;173;53;206;20;70
299;2000;5;556;131;131;74;43;56;28;170;55;207;20;70
300;227;3;577;130;131;72;46;56;28;174;54;210;20;70
301;205;5;418;123;127;67;43;52;25;152;49;190;19;67
302;1949;5;576;129;137;72;44;57;27;173;53;198;20;69
303;1924;5;578;127;132;74;47;57;27;177;54;200;20;70
304;1947;5;698;140;147;81;48;65;28;198;61;218;21;75
305;41;3;486;123;127;66;47;50;25;156;49;193;19;66
306;352;5;427;120;121;66;38;53;26;163;52;187;19;66
307;1987;5;571;130;135;70;48;55;28;171;54;200;20;71
308;1921;5;543;128;129;64;44;54;25;166;52;184;19;67
309;2031;5;631;137;138;75;46;62;28;187;59;207;21;70
310;344;3;483;128;129;69;42;50;26;163;51;188;19;65
311;321;3;413;124;125;66;43;50;25;158;52;185;19;65
312;305;3;534;128;129;70;43;57;27;179;56;200;20;73
313;2015;5;601;131;134;73;46;55;28;179;54;200;21;73
314;365;3;473;128;129;69;40;63;25;166;53;190;19;66
315;80;3;478;120;126;67;40;49;26;161;48;183;18;67
316;4120;3;448;119;120;66;44;52;26;155;43;187;18;66
317;2010;3;377;115;118;62;40;44;24;154;44;175;17;64
318;170;3;532;123;124;71;51;50;27;158;48;201;19;69
319;114;3;483;123;125;67;46;48;25;162;50;194;18;68
320;6972;3;418;122;127;65;42;48;24;160;47;181;18;66
321;4150;3;474;122;125;66;43;49;24;161;48;191;18;67
322;19763;3;393;125;127;64;37;48;23;152;49;177;17;66
323;я332;3;501;126;127;60;40;50;27;169;50;194;19;69
324;2014;3;430;126;130;62;45;45;25;147;46;185;18;67
325;я365;3;625;129;129;71;48;55;28;175;54;202;20;72
326;4154;3;488;120;124;62;41;47;25;152;44;185;18;67
327;175;3;485;120;121;66;48;47;25;161;48;190;18;68
328;я393;3;562;125;126;67;48;52;26;172;52;202;19;69
329;4102;3;425;128;128;62;42;49;24;153;50;182;18;67
330;3082;3;435;127;128;64;41;48;24;153;49;182;18;67
331;106;3;328;125;124;59;40;42;22;144;42;175;17;65
332;112;3;400;122;124;55;41;50;24;143;52;187;18;66
333;я398;3;518;123;124;67;42;52;25;159;52;196;19;69
334;я371;3;510;123;124;62;43;54;25;157;51;206;19;69
335;358;3;546;130;135;59;45;54;25;177;58;202;19;67
336;62;3;396;124;126;64;39;47;24;158;45;172;17;66
337;235;5;460;125;126;70;41;52;24;161;53;189;17;66
338;122;3;467;126;128;66;46;49;25;161;48;194;18;68
339;138;3;354;118;116;60;39;43;24;154;42;168;18;65
340;23;3;382;125;127;62;40;45;24;156;49;185;17;66
341;117;3;394;125;130;69;40;50;24;157;50;180;19;66
342;423;3;444;118;121;66;45;52;25;162;48;197;18;68
343;268;5;537;128;136;71;42;53;27;171;57;197;19;71
344;277;5;551;127;126;72;45;57;26;166;52;199;19;71
345;157;3;400;120;122;64;42;48;24;152;49;189;17;66
346;256;5;407;120;119;64;42;51;24;155;49;180;18;66
347;260;5;420;132;130;63;42;51;24;163;54;180;18;67
348;153;3;459;124;129;57;42;49;25;160;49;169;18;67
349;225;5;461;124;126;68;47;50;25;165;50;198;19;66
350;301;5;519;127;125;70;46;49;27;165;49;190;19;71
351;261;5;500;123;126;68;44;49;26;163;53;191;19;71
352;154;3;466;118;123;65;44;46;25;151;48;186;18;70
353;224;5;581;131;130;70;43;44;26;180;56;201;19;72
354;241;5;626;126;125;71;48;52;27;173;51;205;20;73
355;115;3;441;124;124;66;40;48;25;157;49;185;18;67
356;54;3;447;130;126;67;41;50;25;151;49;192;18;68
357;142;3;400;120;121;60;41;45;24;151;44;177;18;67
358;249;5;620;125;128;70;50;57;26;174;55;208;20;72
359;163;3;430;120;123;58;42;48;24;154;46;177;18;67
360;242;5;575;129;128;70;50;52;25;157;51;202;19;70
361;119;3;395;121;124;68;42;43;24;157;40;186;17;63
362;412;5;460;122;124;70;49;49;24;158;51;193;18;66
363;165;3;447;121;121;68;43;48;24;154;49;184;18;67
364;7162(0016);3;530;120;120;71;43;52;26;163;50;192;19;70
365;236;5;517;127;127;71;43;56;25;163;54;198;19;70
366;174;3;545;123;128;70;48;51;26;163;51;203;19;71
367;251;5;527;129;135;73;46;52;26;167;51;196;18;70
368;302;5;438;126;133;68;40;49;24;146;48;198;19;68
369;48;3;502;129;137;72;41;54;25;161;50;189;18;70
370;818;5;495;125;123;68;39;52;24;165;52;188;18;69
371;223;5;425;129;132;70;45;54;23;165;54;207;18;69
372;129;3;414;127;131;65;43;49;24;161;48;185;18;68
373;373;5;478;125;126;71;43;53;24;159;50;182;19;69
374;61;3;490;127;135;68;42;53;25;159;48;190;19;69
375;375;5;481;125;126;68;41;53;24;155;52;187;18;70
376;211;5;613;131;133;72;49;58;27;176;57;212;21;73
377;144;3;377;124;127;65;44;48;24;153;48;178;17;67
378;305;3;505;132;134;73;41;56;25;173;54;195;18;69
379;255;5;542;133;137;73;40;55;25;158;56;208;19;70
380;424;3;456;126;128;67;43;49;24;161;50;184;18;68
381;204;5;474;126;128;71;41;53;24;170;52;186;18;68
382;287;5;504;131;133;70;41;54;25;157;52;195;18;70
383;283;5;574;131;134;72;48;57;25;180;56;196;19;72
384;266;5;515;131;134;68;47;53;24;161;52;195;18;71
385;276;5;511;130;129;72;40;51;24;170;55;190;18;71
386;205;5;421;126;129;67;41;50;23;159;49;190;18;68
387;421;3;431;130;133;67;42;49;24;160;50;182;18;68
388;46;3;461;126;128;64;45;51;24;156;48;180;19;69
389;5;3;466;126;132;66;40;53;25;168;52;191;18;68
390;34;3;434;127;132;66;41;53;23;166;49;187;18;68
391;271;5;541;135;132;72;43;53;25;173;52;194;19;71
392;312;5;480;128;130;68;44;51;24;164;52;186;18;68
393;133;3;455;126;128;67;43;51;25;163;52;188;18;68
394;657;5;453;136;130;70;40;54;25;160;52;186;18;68
395;39;3;450;129;133;66;41;50;24;164;51;182;19;67
396;1;3;417;125;123;61;41;50;23;153;48;178;18;66
397;432;3;466;122;127;66;48;52;25;163;53;205;18;68
398;81;3;520;125;127;72;47;54;27;169;53;202;19;71
399;48;3;508;125;132;66;42;53;26;163;51;189;19;70
400;7;3;568;129;133;69;47;55;26;170;53;200;19;72
401;215;5;628;131;132;71;45;57;28;184;58;204;20;74
402;250;5;576;128;131;72;43;57;26;174;55;199;19;72
403;298;5;474;125;125;67;48;53;24;161;51;194;18;67
404;279;5;620;125;124;70;49;54;27;163;49;210;21;73
405;27;5;558;126;137;69;50;56;26;175;51;201;19;72
406;94;3;472;126;132;66;48;50;25;156;47;202;18;68
407;282;5;491;126;125;69;39;51;25;160;51;190;18;68
408;204;5;450;123;123;67;38;51;24;156;50;198;18;68
409;232;5;491;126;125;66;40;51;25;167;46;183;18;69
410;90;3;478;125;121;65;46;49;24;156;45;190;18;67
411;253;5;605;131;129;74;50;55;27;182;53;207;20;73
412;226;5;573;131;131;70;48;56;26;170;54;201;19;72
413;98;3;472;123;127;68;43;48;24;163;52;193;18;68
414;280;5;596;126;128;74;49;58;25;165;53;210;19;71
415;109;3;471;122;122;64;47;53;24;165;48;186;18;69
416;49;3;541;125;127;66;50;55;25;170;50;198;19;71
417;274;5;550;126;125;71;48;53;26;171;51;193;19;71
418;87;3;573;125;130;71;46;50;25;163;52;201;19;72
419;285;5;505;125;125;69;45;54;24;179;53;201;18;70
420;213;5;511;119;120;67;45;50;25;163;51;183;18;70
421;352;5;500;120;120;68;44;58;25;167;52;191;18;70
422;294;5;670;130;128;76;51;62;27;192;55;203;20;63
423;296;5;523;124;122;68;47;53;25;171;47;198;19;71
424;167;3;495;123;123;66;47;53;24;163;49;191;18;68
425;270;5;595;130;129;71;48;53;26;176;54;198;19;72
426;291;5;570;125;127;74;50;59;25;172;50;200;19;71
427;156;3;413;118;118;65;46;48;24;157;45;186;18;68
428;41;3;527;128;130;71;42;53;25;168;51;193;19;71
429;220;5;572;130;133;75;50;55;26;169;50;204;19;72
430;419;3;552;123;124;70;48;55;25;161;51;200;19;71
431;1914;5;665;127;127;75;49;55;28;169;55;203;21;74
432;1912;3;420;120;125;63;46;46;24;149;48;198;18;68
433;347;5;420;123;123;66;47;50;24;162;50;189;18;68
434;24;3;382;124;121;64;40;42;24;147;46;183;17;66
435;32;3;550;129;128;71;47;50;26;172;50;197;19;70
436;158;5;548;134;132;73;44;52;26;172;54;193;19;71
437;9;3;546;127;131;70;43;53;25;169;52;190;19;71
438;394;5;652;129;134;77;51;58;27;170;55;238;20;73
439;269;5;597;136;136;75;48;56;26;176;57;204;19;72
440;293;5;552;127;128;74;50;55;25;173;52;217;19;71
441;295;5;615;128;134;68;46;50;27;165;44;196;20;73
442;209;5;522;123;126;70;46;62;26;167;51;194;18;71
443;278;5;540;126;129;73;40;55;25;171;52;200;19;72
444;127;3;421;118;121;65;45;47;24;157;46;178;18;68
445;231;5;528;123;125;71;48;51;25;165;50;201;19;72
446;202;5;517;130;126;74;42;52;25;165;50;192;19;72
447;243;5;480;127;125;69;42;54;24;163;51;190;18;67
448;407;5;470;128;126;68;43;50;24;160;49;184;18;68
449;290;5;520;132;131;71;48;53;25;178;51;202;19;71
450;374;5;490;120;117;70;48;50;24;165;52;193;18;70
451;134;3;436;122;121;65;40;47;24;156;46;180;18;68
452;203;5;600;123;129;73;48;58;27;172;52;195;20;74
453;216;5;511;127;125;69;44;52;25;160;48;180;19;72
454;29;3;449;127;121;61;40;50;24;157;50;181;18;68
455;123;3;360;124;126;65;37;47;24;141;47;171;17;65
456;147;5;524;128;130;72;40;54;25;162;51;193;19;70
457;45;3;514;129;128;70;43;56;25;167;54;185;19;70
458;265;5;531;125;128;70;44;54;24;159;50;192;18;71
459;3;3;450;128;134;68;44;51;24;164;48;180;18;68
460;284;5;570;120;128;72;48;52;26;163;48;197;19;71
461;246;5;510;121;130;72;46;45;25;174;55;200;19;71
462;28;3;511;125;130;69;41;50;25;167;51;182;18;70
463;100;3;500;117;119;72;41;50;24;163;50;187;18;70
464;38;3;455;121;118;66;44;50;24;156;46;179;18;68
465;пнд-01701;5;550;130;130;74;42;46;25;154;51;202;25;117
466;пнд-01105;5;520;122;129;68;44;49;21;152;50;180;25;109
467;пнд-01702;5;520;130;140;80;48;57;32;165;52;200;25;119
468;пнд-01704;5;550;131;134;65;45;48;24;158;52;200;25;110
469;пнд-01705;5;550;123;125;67;45;45;25;170;47;187;24;115
470;пнд-01708;5;550;133;129;43;48;23;160;159;54;185;26;127
471;пнд-02111;5;510;114;124;62;45;49;22;146;50;182;26;109
472;пнд-02312;5;527;123;125;59;40;45;21;150;48;189;26;110
473;пнд-02514;5;600;127;130;67;45;48;21;154;50;179;25;108
474;пнд-03326;5;574;123;125;69;45;52;22;163;55;190;26;118
475;пнд-04342;5;516;120;123;60;40;44;20;154;50;200;22;120
476;пнд-05129;5;500;125;126;67;39;47;25;160;48;180;25;121
477;пнд-02114;5;450;127;128;67;43;45;22;150;50;189;26;109
478;пнд-03118;5;500;128;132;67;45;47;25;162;50;192;22;110
479;пнд-05540;5;570;136;138;70;45;50;25;171;51;190;25;107
480;пнд-11159;5;498;129;130;73;45;55;162;150;40;177;21;108
481;пнд-12130;5;563;128;129;74;46;56;26;171;51;180;21;110
482;пнд-12517;5;500;127;133;51;44;54;21;169;51;181;20;104
483;пнд-13530;3;470;129;131;50;43;52;21;170;50;182;22;105
484;пнд-14149;5;480;126;130;68;42;45;21;198;51;190;21;104
485;пнд-14330;5;500;127;128;65;42;51;21;174;50;190;21;104
486;пнд-15538;5;510;127;128;65;42;51;21;174;50;190;21;104
487;пнд-18348;3;460;129;131;68;43;50;21;180;51;192;20;102
488;пнд-20172;5;520;129;129;69;40;49;24;145;50;189;26;129
489;пнд-20173;5;520;129;130;69;41;50;21;150;52;191;21;110
490;пнд-203;5;600;128;134;72;49;49;27;160;48;208;23;118
491;пнд-2032;5;554;129;130;69;40;48;24;143;51;189;21;108
492;пнд-21180;5;652;129;128;70;41;49;25;146;54;190;26;130
493;пнд-21304;5;555;128;129;69;40;49;24;145;50;189;26;129
494;пнд-32104;5;600;120;121;72;44;50;22;150;50;200;24;110
495;пнд-2101;5;500;124;134;68;37;47;24;150;47;190;25;100
496;пнд-98152;5;600;131;136;72;45;44;24;167;52;198;20;105
497;пнд-32128;5;600;125;128;67;43;50;26;150;50;197;21;110
498;пнд-32036;5;550;122;135;67;45;50;22;160;50;195;20;110
499;пнд-45050;5;500;115;118;60;45;40;20;145;43;180;25;100
500;пнд-01105;5;520;122;129;68;44;49;21;152;50;180;25;109
501;пнд-01701;5;550;130;130;74;42;46;25;154;51;202;25;117
502;пнд-01702;5;658;130;140;80;48;57;32;165;52;200;25;119
503;пнд-01704;5;550;131;134;65;45;48;24;158;52;200;25;110
504;пнд-01705;5;550;123;125;67;45;45;25;170;47;187;24;115
505;пнд-01708;5;550;133;129;43;48;23;160;159;54;185;26;127
506;пнд-02111;5;510;114;124;62;45;49;22;146;50;182;26;109
507;пнд-02114;3;444;127;128;67;43;45;22;150;50;189;26;109
508;пнд-02312;5;527;123;125;59;40;45;21;150;48;189;26;110
509;пнд-02514;5;600;127;130;67;45;48;21;154;50;179;25;108
510;пнд-03118;5;510;128;132;67;45;47;25;162;50;192;22;110
511;пнд-03326;5;540;123;125;69;45;52;22;163;55;190;26;118
512;пнд-04342;5;515;120;123;60;40;44;20;154;50;200;22;120
513;пнд-05129;5;500;125;126;67;39;47;25;160;48;180;25;121
514;пнд-05540;5;600;136;138;70;45;50;25;171;51;190;25;107
515;пнд-10553;5;550;128;131;70;46;52;28;155;40;175;22;103
516;пнд-11159;5;587;129;130;73;45;55;162;150;40;177;21;108
517;пнд-12130;3;475;128;129;74;46;56;26;171;51;180;21;110
518;пнд-12517;5;510;127;133;51;44;54;21;169;51;181;20;104
519;пнд-13530;5;552;129;131;50;43;52;21;170;50;182;22;105
520;пнд-14149;5;502;126;130;68;42;45;21;198;51;190;21;104
521;пнд-14330;5;527;127;128;65;42;51;21;174;50;190;21;104
522;пнд-15538;5;520;127;128;65;42;51;21;174;50;190;21;104
523;пнд-18348;5;521;129;131;68;43;50;21;180;51;192;20;102
524;пнд-20172;5;550;129;129;69;40;49;24;145;50;189;26;129
525;пнд-20173;5;550;129;130;69;41;50;21;150;52;191;21;110
526;пнд-203;5;550;128;134;72;49;49;27;160;48;208;23;118
527;пнд-2032;5;516;123;134;65;43;52;24;153;46;200;21;118
528;пнд-21180;5;515;129;128;70;41;49;25;146;54;190;26;130
529;пнд-21304;5;525;128;129;69;40;49;24;145;50;189;26;129
530;пнд-21305;5;510;130;131;69;45;49;24;153;50;202;24;109
531;пнд-21307;5;524;128;130;66;45;50;25;155;51;200;22;112
532;пнд-21511;5;565;125;130;66;45;50;24;160;48;198;24;110
533;пнд-22187;5;535;128;130;70;42;45;21;198;52;197;21;104
534;пнд-22189;5;540;129;131;71;43;46;22;199;53;198;20;106
535;пнд-22326;5;570;130;129;72;49;27;160;157;49;200;22;120
536;пнд-22331;5;591;130;131;74;43;47;20;198;45;57;22;106
537;пнд-23339;5;500;127;131;13;50;54;30;158;52;200;23;110
538;пнд-240;5;540;126;134;65;46;52;24;161;52;195;21;117
539;пнд-24151;5;521;120;131;71;52;48;30;150;44;178;22;106
540;пнд-24156;5;547;124;129;68;45;50;25;154;45;192;25;109
541;пнд-25355;5;576;120;125;68;48;50;26;155;50;200;27;120
542;пнд-25556;5;605;121;131;71;45;51;23;161;55;201;25;102
543;пнд-2574;5;522;122;138;72;43;52;24;155;49;196;24;106
544;пнд-27166;5;549;131;126;75;48;51;24;161;52;198;25;112
545;пнд-27167;5;501;128;130;69;47;51;27;159;50;200;24;121
546;пнд-29567;5;590;125;131;71;48;50;27;161;51;199;25;110
547;пнд-29569;5;552;131;129;70;48;50;26;168;48;191;24;110
548;пнд-3002;3;450;113;137;64;42;45;24;148;47;187;24;110
549;пнд-3006;5;568;120;131;71;43;50;22;160;55;200;24;100
550;пнд-3007;5;525;120;132;66;44;50;25;150;48;198;24;110
551;пнд-302;5;500;124;130;73;45;50;22;170;50;198;23;108
552;пнд-32052;5;587;130;127;73;47;50;24;162;50;192;25;112
553;пнд-323;5;541;120;124;65;39;48;26;150;50;193;22;105
554;пнд-33125;5;541;124;130;74;43;47;24;154;42;178;24;105
555;пнд-33518;5;570;127;128;72;45;46;24;160;42;181;24;120
556;пнд-33521;5;550;126;128;70;44;45;23;168;45;190;24;119
557;пнд-33739;5;518;127;129;73;46;48;24;170;46;191;25;107
558;пнд-33744;5;500;128;129;75;47;49;25;172;47;193;24;103
559;пнд-33749;5;538;128;129;73;45;50;231;164;42;188;22;107
560;пнд-342;5;500;125;127;69;42;50;25;160;49;190;28;110
561;пнд-34338;5;500;128;130;71;43;45;21;198;51;197;21;104
562;пнд-34535;5;535;128;129;52;47;56;21;169;51;182;20;107
563;пнд-35140;5;580;128;129;51;48;55;22;170;52;190;22;106
564;пнд-35345;5;530;129;130;52;49;51;21;172;50;188;23;107
565;пнд-35346;5;536;129;131;55;50;55;22;175;51;189;21;106
566;пнд-35351;5;562;128;129;56;50;52;23;176;52;191;24;103
567;пнд-361;5;567;132;135;73;48;54;22;156;50;203;25;105
568;пнд-37353;5;587;127;128;51;47;56;20;169;50;182;21;107
569;пнд-37555;5;500;138;129;52;48;54;21;170;53;198;22;128
570;пнд-42168;5;520;129;131;67;47;65;22;177;50;185;22;110
571;пнд-42309;5;510;129;131;63;47;65;24;50;24;187;20;110
572;пнд-42793;5;545;129;132;68;46;67;23;178;52;190;22;111
573;пнд-42796;5;550;127;130;61;41;63;20;160;52;174;22;108
574;пнд-43331;3;400;129;131;60;42;64;22;175;49;184;24;109
575;пнд-43521;5;510;129;131;63;47;65;24;176;50;186;21;110
576;пнд-45014;5;573;128;130;69;46;47;21;152;47;190;24;105
577;пнд-45021;5;535;120;124;67;47;50;21;138;50;190;20;110
578;пнд-45027;5;622;126;129;67;45;55;25;150;48;200;24;100
579;пнд-45030;5;570;123;124;67;51;54;24;158;50;196;24;110
580;пнд-45037;5;500;122;127;71;47;52;23;150;52;200;21;110
581;пнд-45048;5;538;120;131;67;52;51;24;158;47;198;22;110
582;пнд-45064;3;500;124;124;68;46;50;23;140;50;205;24;110
583;пнд-45069;5;562;123;127;69;51;54;24;140;50;205;22;110
584;пнд-45071;3;470;118;122;60;38;45;21;145;45;185;24;110
585;пнд-45351;5;522;130;131;64;45;62;24;170;52;190;24;108
586;пнд-46543;5;521;128;129;62;48;61;25;171;53;188;22;106
587;пнд-51312;5;548;130;132;61;45;60;24;169;51;180;20;106
588;пнд-51314;5;568;131;129;60;44;64;23;170;50;174;21;107
589;пнд-51316;3;410;130;128;59;46;62;24;159;52;175;22;104
590;пнд-51702;5;540;127;130;60;48;59;25;158;55;190;24;108
591;пнд-51708;5;540;128;131;61;49;62;25;158;55;190;24;108
592;пнд-52102;5;500;124;137;68;50;44;25;150;50;207;24;110
593;пнд-52105;5;500;122;135;69;37;49;24;160;49;190;22;100
594;пнд-52108;5;575;129;130;61;50;60;24;161;51;189;24;109
595;пнд-53107;5;500;126;130;69;48;46;27;152;49;170;20;115
596;пнд-53109;5;540;137;135;66;42;49;26;160;48;190;23;116
597;пнд-53116;5;541;127;127;69;43;51;21;160;51;193;24;110
598;пнд-54121;5;575;112;127;59;45;50;25;151;51;197;20;119
599;пнд-54125;5;510;124;132;68;41;47;20;150;47;187;23;105
600;пнд-54127;5;575;130;137;70;44;48;26;165;49;200;22;110
601;пнд-54132;5;545;125;130;62;44;52;24;158;52;202;21;121
602;пнд-54137;5;530;120;128;65;40;49;23;155;49;185;24;100
603;пнд-72102;5;545;120;126;66;43;51;24;157;51;190;23;116
604;пнд-72103;5;585;130;135;67;43;50;29;158;51;197;23;116
605;пнд-72501;5;560;123;138;65;43;51;24;160;50;192;22;107
606;пнд-73108;5;685;137;146;77;49;52;30;166;58;210;20;121
607;пнд-73118;5;587;126;134;69;47;43;27;158;48;202;21;113
608;пнд-73303;5;525;132;129;73;56;54;28;166;55;214;19;109
609;пнд-73314;3;490;126;138;66;47;49;27;163;48;198;20;108
610;пнд-73315;5;555;135;140;83;54;48;29;152;49;208;21;136
611;пнд-73322;5;575;129;138;72;63;45;28;160;45;190;22;108
612;пнд-74125;5;531;124;138;68;49;47;26;162;49;196;21;114
613;пнд-74130;5;541;117;129;64;43;48;22;156;45;190;21;112
614;пнд-74327;5;550;128;133;69;48;53;24;157;55;197;20;114
615;пнд-74328;5;550;130;134;69;46;48;25;155;47;195;23;124
616;пнд-74330;5;630;125;136;69;48;50;29;158;50;191;21;107
617;пнд-74336;5;500;122;122;69;48;53;24;157;55;197;22;114
618;пнд-74341;5;532;127;135;73;45;51;27;158;51;213;21;128
619;пнд-74510;5;542;129;136;68;47;52;26;168;53;202;22;109
620;пнд-75512;5;530;125;138;63;48;48;24;162;48;194;20;117
621;пнд-80348;5;630;129;130;71;42;54;30;163;51;197;21;99
622;пнд-81351;5;647;130;129;75;47;57;30;161;51;198;20;105
623;пнд-81501;5;570;125;136;68;46;50;23;153;51;198;25;128
624;пнд-90549;5;595;122;126;72;45;52;24;151;52;197;20;99
625;пнд-93310;5;510;116;121;67;38;46;23;148;48;180;20;88
626;пнд-94126;5;500;126;128;72;43;53;30;164;52;195;21;98
627;пнд-94516;5;516;117;125;68;44;46;24;160;52;195;20;98
628;пнд-95139;5;600;127;137;78;50;54;29;160;48;208;20;115
629;пнд-95340;3;443;117;125;68;38;49;23;145;49;180;20;95
630;пнд-95540;3;495;128;130;72;44;48;24;159;50;183;20;108
631;пнд-96142;5;520;127;129;66;48;47;23;147;50;196;20;102
632;пнд-96144;5;621;125;132;73;46;51;24;154;52;196;20;105
633;пнд-96145;5;500;120;130;70;42;49;23;148;50;187;20;100
634;пнд-96147;5;570;132;129;72;55;53;25;166;50;200;24;111
635;пнд-98151;5;555;124;131;72;45;50;23;156;54;198;20;106
636;пнд-99153;5;570;120;128;67;47;25;147;148;49;175;20;109
637;пнд-73319;5;520;121;135;71;56;55;31;164;49;215;;115
638;пнд-33123;5;500;128;129;71;44;48;28;150;40;175;20;104
639;пнд-34342;5;500;126;134;51;46;55;20;168;50;181;20;110
640;пнд-386;5;521;126;132;66;42;47;22;160;44;182;24;100
641;пнд-86548;5;521;135;137;76;47;63;24;179;68;207;24;117
642;пнд-01101;5;515;125;128;50;47;49;19;151;52;189;22;100
643;пнд-01106;5;525;123;126;65;50;51;22;157;52;200;20;116
644;пнд-01306;5;650;127;129;12;66;52;23;154;52;190;22;115
645;пнд-02112;5;500;125;131;70;45;48;24;165;50;191;22;108
646;пнд-02512;5;520;126;134;71;47;47;23;166;51;196;22;116
647;пнд-03122;5;550;124;128;71;44;50;24;146;50;188;23;111
648;пнд-03123;5;502;126;128;71;44;46;19;157;52;180;20;111
649;пнд-03317;5;550;128;130;70;40;46;20;152;52;180;20;114
650;пнд-03322;5;500;127;130;68;40;47;21;153;52;180;20;100
651;пнд-03324;5;500;125;128;50;45;48;20;151;52;184;20;98
652;пнд-03327;5;500;127;130;70;10;48;20;152;53;180;20;100
653;пнд-03328;5;680;126;131;70;42;48;20;151;52;180;20;101
654;пнд-03332;5;500;125;128;64;58;48;25;170;48;200;22;115
655;пнд-03333;5;575;124;126;65;52;51;22;150;51;194;20;117
656;пнд-03334;5;550;121;128;64;48;49;24;156;49;192;21;114
657;пнд-03335;5;610;121;129;66;49;50;24;159;48;194;21;113
658;пнд-03526;5;537;130;137;78;50;57;28;190;50;194;21;119
659;пнд-03527;5;500;126;128;74;50;48;24;175;50;181;20;109
660;пнд-04336;5;500;125;128;68;48;50;21;168;50;184;21;110
661;пнд-04337;5;575;126;129;69;45;48;22;159;57;190;21;112
662;пнд-04345;5;520;129;130;67;55;51;21;150;52;197;20;108
663;пнд-04528;5;500;126;134;50;45;55;20;168;50;180;20;109
664;пнд-04529;3;480;125;135;50;42;55;21;167;49;179;22;109
665;пнд-04534;5;510;126;128;70;42;45;22;149;50;181;24;110
666;пнд-04535;3;498;127;135;70;44;47;20;197;48;200;22;100
667;пнд-05347;5;510;127;137;70;44;47;20;200;48;201;21;104
668;пнд-05348;5;555;128;129;69;45;48;20;197;47;190;22;102
669;пнд-05350;5;500;127;130;70;42;47;20;198;49;193;22;101
670;пнд-06354;5;570;128;130;70;42;45;21;200;50;196;22;100
671;пнд-11502;5;500;129;128;65;41;52;20;178;55;180;21;106
672;пнд-12511;5;500;127;129;61;41;52;22;176;58;182;21;109
673;пнд-13139;5;500;129;130;61;40;55;20;172;52;181;20;104
674;пнд-13142;5;500;128;131;62;41;52;22;178;54;181;22;106
675;пнд-13143;5;720;128;131;62;41;52;22;178;54;181;22;106
676;пнд-13145;5;510;128;130;60;43;54;23;176;55;183;24;107
677;пнд-13521;5;550;127;129;58;40;50;21;175;53;179;22;108
678;пнд-14147;5;510;128;132;65;41;55;27;174;55;186;22;108
679;пнд-14148;5;500;128;132;65;41;55;22;174;55;186;22;108
680;пнд-16151;5;555;127;130;62;42;54;20;175;53;183;23;109
681;пнд-11105;5;500;130;131;67;42;55;21;178;56;185;20;107
682;пнд-21178;5;500;128;130;72;45;46;22;199;51;198;21;107
683;пнд-20573;5;500;129;131;72;45;45;22;199;51;198;21;106
684;пнд-21577;5;500;129;131;70;44;45;21;199;51;198;21;106
685;пнд-21578;5;500;128;131;68;43;46;20;200;50;198;20;108
686;пнд-22183;5;503;128;129;64;45;46;20;143;51;198;20;107
687;пнд-22194;5;550;129;128;63;41;45;20;150;52;197;21;106
688;пнд-22366;5;541;127;128;65;40;43;21;142;51;197;21;104
689;пнд-22373;5;541;125;126;58;40;45;21;142;51;197;21;107
690;пнд-24152;3;495;128;128;60;46;47;23;163;54;198;21;108
691;пнд-24555;3;490;128;127;64;44;47;21;150;51;198;21;109
692;пнд-25162;3;487;128;127;64;42;46;21;152;57;199;22;110
693;пнд-26562;3;490;129;130;65;51;50;22;153;58;189;21;108
694;пнд-29570;3;480;129;130;60;42;45;21;150;53;197;21;106
695;пнд-30151;5;500;128;129;65;42;45;21;145;52;197;21;108
696;пнд-30569;5;512;129;128;65;41;46;21;181;50;197;21;106
697;пнд-31160;5;518;128;129;65;42;45;22;145;57;52;22;107
698;пнд-31360;5;510;127;128;68;46;48;22;157;53;197;21;108
699;пнд-31366;5;521;127;128;64;43;61;21;172;50;184;21;107
700;пнд-31574;5;521;129;130;66;46;63;21;174;51;190;21;110
701;пнд-31575;5;521;128;129;65;42;60;21;182;50;184;21;107
702;пнд-29171;3;478;128;129;62;43;45;20;147;51;198;21;108
703;пнд-31757;5;500;128;129;64;42;60;21;175;50;180;20;108
704;пнд-31758;5;500;129;130;65;44;61;22;175;51;182;21;109
705;пнд-31759;5;510;129;130;66;45;60;22;177;52;185;20;108
706;пнд-32114*;3;480;128;129;65;42;60;21;175;50;181;21;109
707;пнд-33119;5;500;129;128;62;42;60;21;170;51;182;21;107
708;пнд-33121;5;510;129;130;62;41;60;21;174;50;181;21;107
709;пнд-33323;5;515;127;128;60;41;61;21;175;50;181;21;109
710;пнд-33522;5;600;129;127;60;41;60;21;177;50;181;21;107
711;пнд-34132;5;552;129;130;60;42;60;21;174;50;181;21;107
712;пнд-34135;5;570;128;129;61;42;61;21;174;50;181;21;109
713;пнд-34534;5;521;129;130;61;42;60;21;174;52;181;21;107
714;пнд-35136;5;530;127;128;61;42;60;21;175;51;184;21;108
715;пнд-35138;5;511;127;128;61;42;62;22;175;51;181;21;104
716;пнд-35141;5;500;129;128;65;45;62;22;174;51;180;22;107
717;пнд-36142;5;635;129;130;61;42;58;21;178;52;181;20;109
718;пнд-36144;5;500;127;130;60;42;63;21;168;50;177;20;100
719;пнд-39356;3;490;128;130;61;41;58;20;159;51;174;20;109
720;пнд-39559;5;510;128;129;61;44;62;22;174;51;184;21;107
721;пнд-39560;5;570;127;127;59;41;62;22;171;51;173;21;107
722;пнд-41705;5;530;129;130;61;42;61;22;178;51;182;20;108
723;пнд-32046;5;650;121;126;66;37;44;23;143;49;183;20;102
724;пнд-33325;5;499;127;129;50;44;53;20;168;51;180;21;106
725;пнд-43320;5;530;129;130;64;50;55;21;177;56;186;21;109
726;пнд-42740;5;500;130;131;65;42;54;20;178;56;185;20;108
727;пнд-42308;5;500;129;128;64;51;54;20;177;55;187;20;106
728;пнд-45001;5;530;120;124;74;55;54;24;160;51;213;25;100
729;пнд-45004;5;500;123;129;66;46;43;22;150;48;193;24;110
730;пнд-45005;5;600;121;126;71;47;50;25;160;50;210;23;112
731;пнд-45010;5;500;127;135;68;47;52;25;155;52;207;23;105
732;пнд-45017;5;550;126;124;66;34;44;19;155;45;190;24;110
733;пнд-45025;5;520;122;123;68;43;50;23;145;48;195;25;112
734;пнд-45031;5;510;123;125;69;46;51;25;146;51;200;25;112
735;пнд-45044;5;630;127;135;73;45;51;22;165;51;190;24;110
736;пнд-45046;5;530;125;128;68;45;46;20;150;46;180;25;100
737;пнд-45047;5;500;133;136;69;47;53;25;154;50;206;25;118
738;пнд-45051;5;505;140;130;57;43;53;24;170;52;200;24;120
739;пнд-45052;3;450;122;130;68;43;48;22;145;48;195;25;110
740;пнд-45057;5;500;125;129;67;45;49;25;150;49;195;26;110
741;пнд-45063;5;500;126;133;66;38;47;20;142;46;183;25;105
742;пнд-45065;5;510;120;124;71;38;45;23;148;45;185;25;120
743;пнд-45070;5;595;122;133;73;43;52;28;156;19;50;25;115
744;пнд-45072;3;407;120;127;68;41;50;23;150;49;200;25;110
745;пнд-45035;5;550;126;127;69;50;53;24;148;50;200;24;110
746;пнд-45066;3;495;127;136;61;48;47;23;144;47;190;26;98
747;пнд-53113;3;450;122;125;73;41;51;25;140;48;200;24;110
748;пнд-53118;3;470;129;132;68;59;51;26;160;51;200;24;110
749;пнд-54126;5;500;124;127;66;43;49;23;160;49;185;24;108
750;пнд-54134;5;500;133;139;67;44;51;20;170;51;200;25;110
751;пнд-54136;3;480;121;120;65;40;47;22;140;47;190;24;100
752;пнд-62103;5;565;131;137;73;47;55;24;165;52;210;25;113
753;пнд-62106;5;565;118;132;69;43;45;25;161;44;190;24;110
754;пнд-62108;5;615;127;132;65;45;51;25;150;44;185;24;108
755;пнд-62111;5;597;128;132;58;47;48;24;165;52;192;24;120
756;пнд-62112;5;650;130;136;68;46;50;25;152;50;195;27;110
757;пнд-62116;5;550;128;137;68;53;46;27;165;48;206;24;106
758;пнд-62117;3;487;124;130;68;41;50;24;152;50;200;25;110
759;пнд-62118;5;500;128;136;71;43;56;23;156;50;205;23;115
760;пнд-62120;5;555;131;133;72;42;48;21;160;49;200;25;110
761;пнд-62122;5;600;132;136;68;41;48;20;162;48;194;25;108
762;пнд-62133;5;640;121;123;76;41;49;24;162;52;198;24;108
763;пнд-62134;5;510;134;137;71;43;48;25;170;49;200;25;110
764;пнд-62135;5;515;124;130;67;39;48;24;165;54;190;24;100
765;пнд-54129;5;500;129;126;62;42;45;25;145;48;190;24;110
766;пнд-62123;5;500;128;134;71;38;47;21;147;49;191;25;108
767;пнд-62138;5;500;124;129;67;53;50;24;140;48;192;25;110
768;пнд-62139;5;540;122;129;73;43;50;24;160;50;200;23;110
769;пнд-63152;5;567;125;128;63;49;49;24;164;44;190;23;100
770;пнд-63153;5;550;125;130;65;43;49;25;160;47;195;24;110
771;пнд-63155;5;521;122;131;70;42;50;22;158;48;195;25;105
772;пнд-63157;5;635;134;137;70;49;45;21;163;49;200;24;105
773;пнд-63158;5;500;124;120;66;48;49;25;165;51;200;25;110
774;пнд-63162;3;470;122;122;69;41;49;24;170;50;190;25;115
775;пнд-63163;5;550;126;124;65;44;50;25;154;55;195;24;110
776;пнд-63166;5;565;127;123;72;41;50;27;158;50;190;24;108
777;пнд-63168;5;500;124;133;65;42;50;24;154;50;168;25;112
778;пнд-63169;5;500;134;143;74;42;54;27;180;54;205;28;115
779;пнд-63170;5;575;130;136;74;43;48;24;170;50;157;25;120
780;пнд-63177;3;400;118;125;68;41;50;20;150;50;190;25;108
781;пнд-63181;3;370;119;120;67;43;47;26;153;48;190;25;110
782;пнд-63182;3;495;123;121;69;46;47;22;155;47;184;20;100
783;пнд-63183;5;565;120;125;66;47;48;21;148;48;198;25;108
784;пнд-63184;5;680;130;135;72;55;51;22;158;51;200;27;110
785;пнд-63185;5;503;120;131;72;38;45;20;150;46;183;24;110
786;пнд-63187;5;500;128;136;71;44;47;20;148;52;205;24;110
787;пнд-63161;5;750;120;129;66;41;50;24;149;50;187;25;110
788;пнд-63192;5;600;132;140;71;51;53;23;162;52;200;24;112
789;пнд-63194;5;590;138;142;71;64;50;26;168;53;210;24;110
790;пнд-63201;5;590;124;135;70;47;52;25;160;50;210;23;110
791;пнд-63202;5;500;124;134;66;48;48;20;148;44;195;24;102
792;пнд-63205;5;600;127;137;62;48;48;25;160;48;192;25;110
793;пнд-63208;3;408;132;134;75;41;53;26;155;50;200;24;110
794;пнд-63211;5;550;135;134;72;38;49;23;156;50;192;25;110
795;пнд-63213;5;500;124;132;67;47;38;19;155;48;188;24;105
796;пнд-64214;5;565;122;139;71;47;51;51;23;16;51;24;110
797;пнд-64219;5;502;125;132;72;51;46;22;150;50;197;24;110
798;пнд-64220;5;540;120;137;64;43;50;23;158;50;190;26;105
799;пнд-64221;5;550;129;133;72;43;52;23;150;52;200;23;110
800;пнд-64224;5;635;131;132;71;53;46;25;200;49;194;24;110
801;пнд-65001;5;500;124;137;64;48;46;22;155;47;190;25;105
802;пнд-65003;3;480;128;137;67;33;49;22;162;49;185;24;110
803;пнд-95336;5;578;128;134;68;44;48;24;160;51;190;23;109
804;пнд-95532;5;600;123;125;66;38;45;22;158;47;175;24;119
805;пнд-95538;5;655;130;131;69;42;48;22;166;51;187;24;105
806;пнд-74124;3;480;124;137;70;48;56;29;155;48;195;23;116
807;пнд-62131;5;502;128;135;68;48;51;26;167;53;200;23;115
808;пнд-62102;5;580;126;132;71;47;45;24;160;50;200;25;110
809;пнд-00144;5;550;129;130;65;43;48;21;158;52;190;21;108
810;пнд-00360;5;521;130;135;68;45;48;22;157;52;198;20;125
811;пнд-00361;5;563;128;129;67;46;49;28;160;53;199;22;115
812;пнд-00362;5;550;124;129;69;45;48;21;150;53;179;20;111
813;пнд-00364;5;552;124;128;58;42;47;20;149;47;190;21;109
814;пнд-00552;5;540;132;132;74;43;48;25;160;50;202;21;118
815;пнд-00554;5;540;132;132;70;42;48;23;168;51;186;20;108
816;пнд-01304;5;549;132;135;67;45;52;25;157;47;200;21;119
817;пнд-01709;5;530;125;127;67;45;51;25;151;50;200;24;123
818;пнд-02109;5;540;127;127;70;49;51;24;162;51;200;24;110
819;пнд-02314;5;500;128;137;69;45;48;24;170;50;192;23;108
820;пнд-03124;5;530;125;126;68;42;47;22;162;50;194;24;110
821;пнд-03313;5;550;122;135;67;36;48;22;147;45;197;20;111
822;пнд-03318;5;550;130;128;70;45;47;22;156;51;198;20;120
823;пнд-03330;5;510;132;135;72;45;55;24;173;53;198;25;112
824;пнд-03513;5;560;124;127;66;59;48;22;164;47;177;21;120
825;пнд-03515;3;476;125;130;51;42;50;26;167;50;198;22;111
826;пнд-03518;5;570;130;135;52;50;54;23;165;45;200;21;108
827;пнд-03523;5;614;118;132;62;48;50;23;150;50;187;25;109
828;пнд-04338;3;470;118;123;67;42;48;22;170;45;190;23;111
829;пнд-04340;5;517;120;124;68;40;48;29;148;47;200;27;113
830;пнд-04341;3;490;123;126;69;42;50;22;150;48;198;28;114
831;пнд-04344;5;563;120;135;62;45;50;22;147;50;181;26;109
832;пнд-04532;5;550;130;137;68;40;47;21;159;48;176;20;110
833;пнд-04533;3;497;132;134;69;47;42;22;159;51;200;20;126
834;пнд-05346;5;518;130;132;70;46;49;22;168;53;189;21;108
835;пнд-05349;5;550;132;135;60;47;48;24;200;48;199;20;115
836;пнд-05537;5;550;132;132;67;39;50;21;200;47;200;21;118
837;пнд-05538;3;477;127;130;77;45;52;24;159;45;200;24;116
838;пнд-06134;5;500;125;127;70;45;52;23;160;52;200;24;110
839;пнд-06138;3;490;132;130;70;43;50;22;187;52;190;20;108
840;пнд-06140;5;600;127;132;70;43;52;25;170;53;200;24;110
841;пнд-06352;5;550;125;126;70;41;51;24;155;50;190;25;110
842;пнд-06542;3;470;126;127;55;50;48;21;161;48;187;21;118
843;пнд-07143;3;480;126;134;70;48;60;27;165;57;219;25;114
844;пнд-07355;5;503;131;132;70;45;57;25;160;55;200;24;111
845;пнд-07356;5;500;130;132;70;45;54;25;160;54;198;24;105
846;пнд-07358;5;510;125;126;68;47;50;24;155;48;192;25;110
847;пнд-07501;5;580;124;130;61;45;50;23;150;50;180;26;109
848;пнд-07546;5;550;124;129;70;45;49;25;150;50;199;29;111
849;пнд-08359;5;620;126;132;53;48;48;21;155;49;187;22;106
850;пнд-08549;3;482;125;128;53;47;48;25;165;50;188;20;105
851;пнд-08550;3;470;123;128;50;43;48;25;165;50;188;21;108
852;пнд-08551;3;470;131;132;72;45;47;25;158;50;202;20;118
853;пнд-10155;5;500;128;129;67;46;49;22;160;53;199;22;115
854;пнд-11104;3;490;129;130;68;47;50;23;163;54;200;21;108
855;пнд-11107;5;575;130;131;69;48;51;22;158;53;194;22;109
856;пнд-11111;5;548;131;133;70;49;52;23;159;53;195;21;108
857;пнд-11113;5;500;128;130;70;48;52;23;160;52;187;21;108
858;пнд-11116;5;510;129;129;72;47;48;24;161;54;188;22;111
859;пнд-11156;3;490;127;128;71;54;49;20;160;56;185;23;107
860;пнд-11157;3;480;128;129;68;47;50;21;159;57;184;20;104
861;пнд-11301;3;470;128;130;69;48;50;22;158;58;183;21;112
862;пнд-11303;5;500;129;131;70;48;52;23;173;59;186;22;110
863;пнд-11306;5;537;130;127;71;47;54;20;170;60;190;21;100
864;пнд-11308;3;450;131;129;72;54;51;20;168;58;191;22;107
865;пнд-11313;3;460;129;130;71;50;47;21;167;59;192;21;109
866;пнд-11314;3;483;128;131;70;51;48;23;164;57;193;24;110
867;пнд-11354;3;470;128;129;60;47;51;22;148;51;184;24;110
868;пнд-11501;5;561;129;130;61;46;50;21;149;50;184;22;107
869;пнд-11503;5;560;127;130;77;45;52;24;159;45;200;24;116
870;пнд-11504;5;520;129;130;64;47;53;24;169;42;190;24;108
871;пнд-11509;3;480;129;131;64;49;55;20;154;44;194;26;110
872;пнд-11555;5;570;131;133;60;51;54;23;156;50;185;25;107
873;пнд-11556;5;508;130;129;68;48;55;24;142;52;186;24;106
874;пнд-12117;5;618;131;132;69;49;56;21;150;53;185;24;108
875;пнд-12119;5;524;128;129;64;47;55;22;162;54;191;24;109
876;пнд-12120;5;552;129;130;65;48;56;23;163;55;190;25;108
877;пнд-12125;5;563;128;131;66;50;50;24;165;54;187;24;109
878;пнд-12126;5;560;128;128;54;47;51;24;170;35;190;24;107
879;пнд-12128;5;550;129;134;55;48;52;21;170;42;190;25;108
880;пнд-12129;3;480;131;132;56;49;53;22;171;43;191;25;109
881;пнд-12132;3;483;132;131;50;43;55;23;159;47;197;26;110
882;пнд-12134;5;500;131;131;60;45;54;24;168;48;184;27;111
883;пнд-12135;5;527;135;134;64;45;55;21;167;50;182;28;108
884;пнд-12160;3;490;130;131;75;68;42;48;180;56;188;22;110
885;пнд-12315;3;490;129;128;65;41;52;20;176;55;180;20;106
886;пнд-12512;5;517;128;129;64;40;51;21;176;56;181;22;107
887;пнд-12513;5;550;129;130;64;41;52;27;175;58;182;21;109
888;пнд-13137;5;510;129;130;62;42;53;27;180;59;184;22;108
889;пнд-13318;5;520;130;131;63;45;55;23;180;58;182;21;109
890;пнд-13319;3;485;128;131;62;41;52;22;179;54;181;22;109
891;пнд-13320;5;550;128;129;65;42;53;21;178;55;181;20;109
892;пнд-13322;5;550;127;129;60;42;54;22;180;59;183;22;110
893;пнд-13324;5;540;131;134;65;45;54;27;175;58;182;21;110
894;пнд-13518;5;527;130;132;62;42;55;27;179;59;187;21;109
895;пнд-13519;5;500;129;131;58;40;51;21;175;53;179;23;109
896;пнд-13520;5;510;131;132;60;45;55;23;178;54;183;25;109
897;пнд-13524;5;519;129;132;65;45;55;23;179;55;181;22;109
898;пнд-13525;5;520;130;131;70;42;52;27;179;58;182;21;108
899;пнд-13526;5;568;130;132;60;42;54;22;180;57;183;21;110
900;пнд-13529;5;500;129;129;60;40;51;28;180;59;183;21;110
901;пнд-14325;5;510;130;132;58;45;52;27;180;57;183;21;108
902;пнд-14327;5;520;130;131;67;42;55;21;178;56;185;20;107
903;пнд-14331;3;490;128;132;58;42;52;22;177;59;183;21;109
904;пнд-14332;5;520;129;130;59;43;53;21;179;55;187;20;108
905;пнд-14333;5;540;129;134;60;50;55;22;180;56;187;22;110
906;пнд-14531;5;520;129;130;59;40;52;20;175;55;187;21;108
907;пнд-15335;5;550;130;132;65;41;53;22;181;55;182;22;109
908;пнд-15337;5;550;128;129;54;42;52;21;180;57;181;20;110
909;пнд-15535;5;520;129;132;49;54;21;178;179;57;183;20;118
910;пнд-15536;5;538;129;130;68;51;62;25;171;59;196;23;118
911;пнд-16540;5;500;130;131;58;21;49;21;180;56;184;22;109
912;пнд-16543;5;680;129;130;52;40;55;21;174;54;178;20;112
913;пнд-18549;5;500;127;129;60;43;54;23;176;55;184;21;108
914;пнд-20576;3;498;129;131;71;48;59;24;168;57;190;21;112
915;пнд-21101;3;497;129;131;71;48;59;24;168;57;190;21;112
916;пнд-21102;5;673;130;131;66;47;60;24;169;60;150;21;110
917;пнд-21103;5;550;128;129;60;47;62;22;168;60;191;21;112
918;пнд-21104;5;530;129;131;62;50;60;21;171;51;192;21;110
919;пнд-21106;5;512;129;131;60;52;54;22;169;51;195;22;110
920;пнд-20174;5;530;130;131;66;50;61;24;170;58;195;22;112
921;пнд-21114;3;473;129;130;55;55;56;21;170;51;191;22;114
922;пнд-21115;5;550;128;129;56;57;56;21;172;50;190;20;108
923;пнд-21301;5;542;129;131;58;50;60;21;171;52;191;22;108
924;пнд-21302;5;537;128;131;66;47;61;25;168;59;192;21;110
925;пнд-21313;5;517;128;130;66;48;62;22;168;61;197;23;108
926;пнд-21316;5;517;129;131;65;54;59;21;170;60;191;21;109
927;пнд-21315;5;560;129;131;65;50;61;23;170;60;191;21;109
928;пнд-21501;5;580;128;130;66;50;58;22;170;62;193;22;112
929;пнд-21502;5;570;129;130;64;51;58;22;170;60;194;21;110
930;пнд-21503;5;507;132;133;62;50;56;22;174;61;187;23;110
931;пнд-21504;3;497;128;130;60;49;59;22;170;59;190;21;108
932;пнд-21505;5;550;129;130;58;50;59;21;171;60;191;22;110
933;пнд-21506;3;494;130;131;59;49;60;21;169;58;190;21;108
934;пнд-21507;3;481;127;129;60;50;57;22;169;53;189;21;110
935;пнд-21509;5;570;129;130;59;51;60;21;172;55;190;22;108
936;пнд-21510;5;500;129;130;60;50;59;21;182;57;197;21;110
937;пнд-21580;3;484;130;131;69;51;49;25;173;52;191;22;108
938;пнд-21581;5;500;129;130;68;50;62;23;170;60;192;22;112
939;пнд-21701;3;481;130;130;67;52;62;24;170;58;198;21;114
940;пнд-22118;5;600;129;130;68;48;60;23;170;58;191;22;110
941;пнд-22124;5;570;129;131;66;47;60;25;170;60;192;21;110
942;пнд-22125;5;560;128;131;66;50;62;24;170;60;190;24;110
943;пнд-22130;5;550;130;131;67;55;60;24;168;58;191;21;109
944;пнд-22132;5;540;133;133;69;68;48;24;162;62;161;20;110
945;пнд-22134;5;550;129;132;68;55;52;27;191;59;182;24;110
946;пнд-22181;5;540;129;131;68;42;65;20;180;54;189;22;108
947;пнд-22185;5;520;129;132;69;45;64;21;181;55;190;24;106
948;пнд-22197;3;493;131;133;63;44;60;22;180;53;179;25;110
949;пнд-22328;5;530;129;131;67;52;52;23;191;54;182;26;112
950;пнд-22367;5;550;130;131;64;42;58;21;182;54;180;24;108
951;пнд-22369;3;453;132;131;63;41;57;20;183;56;178;22;110
952;пнд-22372;3;495;129;130;63;40;58;23;187;58;180;23;109
953;пнд-22376;3;480;128;129;65;41;59;25;190;59;181;24;110
954;пнд-22381;3;463;129;130;64;47;57;23;188;57;183;24;109
955;пнд-22514;5;527;130;131;65;48;60;25;191;59;192;25;110
956;пнд-22517;5;540;130;131;66;49;60;26;192;55;199;28;108
957;пнд-22584;5;540;131;131;68;54;61;24;187;58;181;24;110
958;пнд-22586;5;550;128;129;68;55;62;24;190;59;185;27;106
959;пнд-22587;3;491;129;131;67;40;52;21;177;54;187;21;107
960;пнд-22588;3;490;127;129;62;42;45;20;143;52;198;20;108
961;пнд-22590;5;520;129;130;64;42;46;21;145;50;199;21;107
962;пнд-23138;5;570;129;130;64;47;49;23;149;52;200;23;114
963;пнд-23529;5;580;132;133;70;55;60;25;152;56;200;21;112
964;пнд-24539;3;498;128;129;64;54;50;21;161;55;198;23;118
965;пнд-24547;5;543;129;131;65;55;50;22;164;54;190;24;115
966;пнд-24550;5;560;130;131;63;53;51;21;160;55;187;21;110
967;пнд-24551;5;560;130;132;65;55;52;22;148;54;192;22;110
968;пнд-25351;3;476;130;131;60;57;54;22;152;57;193;22;108
969;пнд-25557;5;550;131;132;62;58;58;24;157;57;195;21;112
970;пнд-26357;5;547;130;131;68;60;59;24;161;56;197;22;110
971;пнд-26559;5;550;129;130;69;61;60;25;159;51;192;20;112
972;пнд-26560;5;560;130;131;60;50;57;21;157;57;168;21;110
973;пнд-26561;3;468;130;128;59;50;53;22;150;51;190;20;110
974;пнд-28566;5;520;131;131;60;50;54;22;152;51;190;20;110
975;пнд-29572;3;490;129;130;55;50;52;22;151;50;190;20;110
976;пнд-31102;3;481;130;131;69;41;53;23;179;56;188;21;108
977;пнд-31307;5;560;129;130;64;42;54;24;181;57;180;22;107
978;пнд-31501;3;490;129;130;65;46;48;20;145;54;198;22;112
979;пнд-31707;3;490;128;129;59;45;54;23;180;55;180;24;109
980;пнд-31727;5;521;129;130;60;47;55;24;179;24;179;20;108
981;пнд-33122;3;498;131;134;62;48;57;24;180;58;180;23;109
982;пнд-33126;3;487;130;130;63;49;58;23;181;57;178;20;109
983;пнд-33127;3;491;130;131;63;50;53;23;178;55;187;20;108
984;пнд-33515;3;480;124;131;64;51;54;22;180;56;181;21;107
985;пнд-33517;3;490;128;129;65;47;49;20;150;55;199;21;110
986;пнд-33524;5;550;128;131;64;55;51;21;179;56;180;21;109
987;пнд-33740;5;500;129;132;58;45;54;21;180;55;179;22;108
988;пнд-33745;5;540;130;131;59;42;55;23;179;55;187;21;109
989;пнд-34128;5;520;131;132;60;45;35;22;173;54;179;22;110
990;пнд-34334;5;500;127;129;64;48;50;21;151;56;200;21;112
991;пнд-34335;5;514;131;132;54;40;54;22;178;55;179;22;108
992;пнд-34336;3;487;129;131;55;41;53;22;179;50;180;21;109
993;пнд-34339;3;490;130;131;54;42;54;21;179;56;181;21;109
994;пнд-34341;5;500;130;137;55;48;56;23;179;56;180;23;107
995;пнд-34532;5;552;130;132;55;47;55;27;174;57;181;22;108
996;пнд-34340;5;500;129;131;54;42;55;21;178;55;179;22;110
997;пнд-35545;5;560;130;132;60;45;57;23;177;55;188;22;109
998;пнд-35548;3;480;130;131;64;41;54;22;178;54;187;20;108
999;пнд-37552;5;621;131;132;64;40;52;22;179;56;188;21;109
1000;пнд-41711;3;478;130;132;60;45;57;23;177;55;188;22;109
1001;пнд-42504;5;550;130;129;59;44;58;23;178;56;190;21;110
1002;пнд-35350;5;541;129;132;65;41;53;22;178;55;189;20;109
1003;пнд-11554;5;500;130;132;63;50;53;22;155;47;182;24;108
1004;пнд-22365;5;500;128;129;65;41;55;22;174;55;186;22;108
1005;пнд-25350;5;514;129;128;62;40;55;22;174;56;186;22;108
1006;пнд-34542;5;550;129;130;57;40;52;22;177;54;187;21;108
1007;пнд-16346;5;500;130;129;74;43;47;20;198;57;180;22;107
1008;пнд-00363;5;600;128;130;74;46;66;31;162;51;198;20;102
1009;пнд-00553;5;550;127;128;72;43;55;30;164;52;199;20;100
1010;пнд-01104;5;550;122;126;72;45;44;23;165;50;159;24;100
1011;пнд-01108;5;500;127;129;70;53;50;23;154;53;199;20;101
1012;пнд-01301;5;600;128;131;75;45;55;26;184;55;200;25;120
1013;пнд-01302;5;500;129;131;70;45;53;24;161;55;192;24;120
1014;пнд-01303;3;420;125;130;70;45;50;23;149;50;189;20;104
1015;пнд-01305;5;550;129;133;76;50;55;24;170;58;200;25;120
1016;пнд-01309;5;555;124;128;75;33;52;24;117;60;200;25;115
1017;пнд-01503;5;550;130;132;70;45;22;145;154;50;196;25;115
1018;пнд-01505;5;600;129;134;74;54;54;180;185;54;200;25;120
1019;пнд-01508;5;630;130;133;80;48;58;22;174;56;195;24;113
1020;пнд-01703;5;560;129;132;78;45;56;22;175;55;197;25;108
1021;пнд-01706;5;500;130;131;77;46;55;23;175;55;198;25;109
1022;пнд-01707;5;580;128;129;75;44;55;27;157;54;187;25;105
1023;пнд-02110;5;500;125;128;70;45;52;25;141;54;193;25;108
1024;пнд-02510;5;500;127;128;69;67;50;24;161;53;151;24;120
1025;пнд-02511;5;550;123;127;70;50;45;50;167;53;184;24;106
1026;пнд-03117;5;580;129;131;70;70;55;25;150;50;74;24;111
1027;пнд-03121;5;550;125;129;68;49;53;22;187;50;190;24;120
1028;пнд-03316;5;550;128;133;70;46;51;23;167;54;195;25;107
1029;пнд-03319;5;550;130;131;70;48;54;22;163;52;192;24;108
1030;пнд-03320;5;500;125;127;70;42;50;23;165;54;189;25;107
1031;пнд-03323;5;550;125;130;75;50;50;23;160;55;200;24;115
1032;пнд-03331;5;500;127;128;74;45;51;27;167;54;189;25;108
1033;пнд-03516;5;600;133;135;75;45;52;22;164;50;189;22;107
1034;пнд-03520;5;550;127;129;70;47;50;22;158;57;200;25;110
1035;пнд-03524;3;470;129;129;69;54;54;21;154;52;200;25;112
1036;пнд-03525;5;550;130;131;67;42;55;21;178;55;186;20;108
1037;пнд-04339;5;522;120;123;70;45;50;22;150;50;190;20;106
1038;пнд-07141;5;500;128;132;72;45;50;27;154;50;200;24;110
1039;пнд-11110;5;570;128;130;67;45;57;21;178;54;188;21;109
1040;пнд-11112;5;500;127;130;67;42;51;21;177;53;188;21;104
1041;пнд-11114;5;550;127;130;67;42;51;21;177;53;188;21;104
1042;пнд-12121;5;500;127;130;65;42;52;23;174;50;190;21;102
1043;пнд-14328;5;570;129;131;67;43;52;24;175;51;191;22;105
1044;пнд-15336;5;550;129;129;76;48;51;28;160;55;149;24;111
1045;пнд-21109;5;550;127;129;70;48;51;29;158;51;194;22;106
1046;пнд-21112;5;500;125;128;71;50;52;28;152;50;198;22;102
1047;пнд-22119;5;570;127;132;74;47;52;24;160;52;220;24;108
1048;пнд-22188;5;541;127;129;64;43;61;21;175;50;184;21;106
1049;пнд-22382;3;400;128;130;65;45;62;22;175;51;185;22;108
1050;пнд-23531;3;400;129;130;60;43;63;21;169;51;184;24;104
1051;пнд-24546;5;524;128;129;71;52;50;24;150;50;199;22;108
1052;пнд-24705;5;550;128;129;75;55;50;24;152;51;198;24;108
1053;пнд-31107;5;580;129;130;60;42;63;21;170;50;173;21;105
1054;пнд-31302;5;560;128;129;60;40;62;20;159;51;174;20;104
1055;пнд-32002;5;450;127;129;67;39;49;24;150;49;190;24;115
1056;пнд-32005;5;500;125;123;66;45;47;23;160;47;180;24;110
1057;пнд-32008;5;587;122;130;65;42;48;26;148;48;187;24;110
1058;пнд-32010;5;510;125;127;58;41;49;24;150;49;187;25;105
1059;пнд-32014;5;550;124;136;72;38;47;23;158;47;190;24;107
1060;пнд-32020;5;542;122;127;64;45;50;25;155;50;188;21;108
1061;пнд-32025;5;530;122;127;69;46;50;21;155;50;190;24;120
1062;пнд-32031;5;550;125;130;70;46;53;24;150;53;179;24;117
1063;пнд-22191;5;580;130;131;72;45;47;22;200;52;196;21;106
1064;пнд-32001;5;541;122;127;69;49;50;25;152;50;200;20;112
1065;пнд-32033;5;580;127;136;74;47;57;26;160;51;215;24;120
1066;пнд-32038;5;500;120;134;68;43;47;21;152;47;185;24;110
1067;пнд-32044;5;541;127;134;68;40;47;23;148;47;190;24;112
1068;пнд-3205;5;550;129;129;76;46;51;24;150;51;200;24;118
1069;пнд-32057;5;541;120;134;61;43;49;22;150;49;180;24;105
1070;пнд-32061;5;500;122;135;69;47;51;24;152;46;182;24;108
1071;пнд-32064;5;580;125;136;69;43;50;26;160;50;200;25;118
1072;пнд-32067;5;584;122;136;69;44;45;22;140;45;185;24;112
1073;пнд-32068;5;500;124;135;65;38;46;24;152;46;200;25;104
1074;пнд-32069;5;521;124;125;67;43;45;25;148;45;179;24;110
1075;пнд-32072;5;570;125;138;69;45;50;25;150;48;196;25;115
1076;пнд-32078;5;541;124;135;69;41;50;24;160;50;193;24;120
1077;пнд-32079;5;520;119;134;66;37;44;21;150;44;195;20;121
1078;пнд-32082;5;541;119;124;67;42;50;25;142;50;190;24;105
1079;пнд-32093;5;521;118;124;69;43;50;24;155;50;193;20;110
1080;пнд-32097;5;541;125;135;66;42;50;23;148;50;198;24;108
1081;пнд-32098;5;550;126;135;68;48;50;21;155;50;190;24;112
1082;пнд-32100;5;542;123;138;63;46;42;25;150;49;190;25;110
1083;пнд-32106;5;550;127;124;68;48;51;23;160;51;196;24;110
1084;пнд-32116;5;500;123;128;68;42;48;24;150;48;190;24;110
1085;пнд-32121;5;520;125;121;65;34;47;25;155;42;180;25;110
1086;пнд-32125;5;500;114;129;61;45;49;23;145;49;180;26;108
1087;пнд-32126;5;550;125;126;65;34;47;25;155;47;180;25;110
1088;пнд-32127;5;521;125;126;65;34;48;25;155;42;180;25;110
1089;пнд-32130;3;450;124;127;65;43;48;25;140;48;195;24;110
1090;пнд-32511;5;521;131;129;68;41;64;20;179;55;187;21;107
1091;пнд-33124;5;541;130;130;67;40;63;21;173;54;186;20;105
1092;пнд-33327;5;500;126;131;52;45;57;20;168;50;180;21;107
1093;пнд-33333;5;573;127;131;67;45;47;20;180;51;191;21;105
1094;пнд-33516;5;500;127;131;67;45;47;20;180;51;191;21;105
1095;пнд-33520;5;541;124;130;67;47;48;21;181;52;190;20;107
1096;пнд-33523;5;540;130;131;67;45;55;20;179;51;187;21;108
1097;пнд-33526;5;587;129;128;65;42;63;21;180;50;189;21;108
1098;пнд-33529;5;520;131;129;57;46;61;21;179;53;191;21;108
1099;пнд-34533;5;500;130;129;55;47;64;24;178;52;190;22;110
1100;пнд-34539;3;450;131;128;57;42;64;24;180;50;184;24;107
1101;пнд-35139;5;580;128;129;40;59;20;179;53;53;187;20;108
1102;пнд-35343;5;550;128;130;58;41;59;21;179;53;187;20;108
1103;пнд-35137;5;550;129;129;58;41;67;20;179;53;187;22;108
1104;пнд-35349;5;520;127;129;50;44;53;20;168;51;180;21;103
1105;пнд-35547;5;500;128;129;51;43;54;21;167;50;179;20;103
1106;пнд-36143;5;521;129;131;52;45;51;21;168;51;178;21;105
1107;пнд-36550;5;541;128;129;51;47;52;20;168;52;179;22;107
1108;пнд-42716;5;550;127;129;62;42;51;20;178;50;196;21;110
1109;пнд-45006;5;550;119;124;65;39;49;22;148;49;199;27;112
1110;пнд-45008;5;532;118;129;66;37;43;20;145;43;173;25;110
1111;пнд-45020;5;500;122;125;68;40;44;21;140;44;175;20;100
1112;пнд-45023;5;550;120;125;67;43;50;23;160;50;190;24;110
1113;пнд-5503;5;542;122;134;67;40;48;23;165;48;198;24;115
1114;пнд-5544;5;500;126;136;71;42;55;23;160;53;195;20;110
1115;пнд-5552;5;550;127;132;66;39;47;23;148;47;175;25;108
1116;пнд-5563;5;554;124;127;67;49;53;25;145;50;195;21;108
1117;пнд-5594;5;550;127;136;67;42;51;24;154;48;197;20;115
1118;пнд-5612;5;570;129;128;68;46;54;22;150;52;200;24;112
1119;пнд-5614;5;580;125;121;67;39;42;21;145;42;186;24;112
1120;пнд-90352;5;500;122;127;72;44;45;47;165;47;210;21;101
1121;пнд-90548;5;580;126;133;78;49;55;45;158;55;207;21;112
1122;пнд-90550;5;550;125;127;49;55;45;45;149;52;198;21;104
1123;пнд-91301;5;550;137;133;79;48;52;40;158;50;212;21;110
1124;пнд-91305;5;550;135;129;78;50;56;44;146;52;210;24;112
1125;пнд-91306;5;541;130;127;70;49;50;40;140;52;200;21;112
1126;пнд-91501;5;570;128;134;68;42;45;24;162;47;180;21;112
1127;пнд-92309;5;521;133;136;69;45;50;42;143;46;198;21;105
1128;пнд-92502;5;600;132;135;68;45;51;40;143;47;199;21;112
1129;пнд-92503;5;600;125;133;72;42;48;45;154;52;195;21;115
1130;пнд-92504;5;580;130;131;69;42;48;22;166;51;187;20;105
1131;пнд-93313;5;550;125;134;72;43;50;47;154;52;198;24;108
1132;пнд-93316;5;500;133;136;75;52;54;43;158;53;214;23;110
1133;пнд-93318;5;500;133;135;75;52;54;45;158;53;200;25;112
1134;пнд-96343;5;590;132;124;74;42;54;24;154;56;201;24;111
1135;пнд-96345;5;600;132;124;74;42;54;29;154;50;212;20;100
1136;пнд-96544;3;470;126;133;49;55;24;30;158;55;200;25;112
1137;пнд-99154;5;600;125;132;75;48;55;25;159;56;200;24;112
1138;пнд-99546;5;570;126;133;75;48;55;24;158;54;200;20;119
1139;пнд-99547;5;600;131;124;74;43;54;24;154;56;195;21;53
1140;пнд-62132;5;600;121;130;63;46;42;23;143;44;195;24;100
1141;пнд-01107;5;500;126;125;72;53;45;23;150;50;200;20;110
1142;пнд-32015;5;550;115;120;67;43;50;23;140;50;190;24;110
1143;пнд-32055;3;400;124;132;66;43;48;21;145;48;187;23;108
1144;пнд-32040;5;550;130;139;66;45;45;22;148;45;190;26;108
1145;пнд-5630;3;470;126;122;66;41;45;25;140;45;180;24;110
1146;цса-30153;5;505;125;128;76;52;48;25;151;50;195;22;104
1147;цса-30567;5;480;129;135;72;46;53;25;162;48;189;19;110
1148;цса-30568;5;514;127;136;68;52;56;23;165;52;209;21;105
1149;цса-31365;5;550;128;131;78;48;56;27;146;54;212;23;109
1150;цса-32172;5;484;123;128;67;48;51;23;150;47;188;20;113
1151;цса-32176;5;540;125;128;65;48;55;27;155;52;202;23;109
1152;цса-32376;3;462;123;126;72;44;49;26;146;46;188;19;98
1153;цса-32584;5;529;128;129;73;45;53;24;166;47;195;23;104
1154;цса-32762;5;495;122;121;67;52;49;29;156;51;193;22;99
1155;цса-39148;5;501;125;130;67;49;51;27;152;48;190;21;113
1156;цса-40359;3;390;124;130;66;44;47;21;142;47;174;19;84
1157;цса-41301;3;525;126;135;68;51;54;25;157;52;197;23;105
1158;цса-41369;5;525;130;134;74;45;53;26;151;51;197;21;108
1159;цса-41781;5;527;128;135;68;47;50;28;161;50;197;21;104
1160;цса-42163;3;417;123;129;68;42;47;23;151;45;182;21;96
1161;цса-42312;3;430;125;128;74;45;47;26;134;47;187;19;116
1162;цса-42508;3;434;131;134;78;44;50;26;160;49;203;23;93
1163;цса-42510;3;400;125;128;67;44;52;27;140;48;188;19;99
1164;цса-42717;5;587;129;136;82;49;54;30;157;47;206;22;108
1165;цса-42734;5;518;125;135;78;49;53;25;159;48;205;23;105
1166;цса-42741;5;508;131;138;76;47;54;25;149;48;196;22;108
1167;цса-42744;5;501;124;127;69;48;53;26;150;55;197;20;106
1168;цса-42745;5;560;126;130;74;50;55;26;152;49;203;23;113
1169;цса-42748;3;460;127;133;78;41;53;24;154;47;191;20;108
1170;цса-42791;3;404;124;123;61;50;49;27;156;46;193;21;85
1171;цса-43117;3;376;127;130;64;43;46;25;142;45;179;19;105
1172;цса-43118;5;602;128;132;88;54;54;32;163;46;215;23;118
1173;цса-43120;3;454;125;133;68;44;46;26;167;45;189;21;91
1174;цса-43122;3;492;129;133;82;45;55;26;148;48;199;22;98
1175;цса-43320;3;470;124;129;67;48;52;27;154;47;189;22;104
1176;цса-43327;5;500;126;129;69;52;51;26;165;49;192;20;108
1177;цса-43514;5;605;132;139;82;58;52;28;167;53;209;23;112
1178;цса-43517;3;450;127;133;66;48;45;24;167;46;180;20;88
1179;цса-43751;3;364;117;119;62;43;46;21;134;43;173;19;92
1180;цса-44125;5;570;135;139;66;54;49;25;179;46;198;23;108
1181;цса-44132;3;469;126;128;68;49;53;26;146;46;192;20;108
1182;цса-44135;3;445;128;137;68;49;47;26;156;49;183;19;105
1183;цса-44338;3;420;124;128;72;39;50;23;152;45;184;19;103
1184;цса-44341;3;460;123;125;64;55;49;24;145;47;192;22;108
1185;цса-44343;5;545;128;132;86;58;56;28;157;48;201;22;107
1186;цса-44344;3;470;124;133;79;45;47;23;156;46;173;20;105
1187;цса-44346;5;500;123;131;68;52;42;26;162;44;195;22;109
1188;цса-44349;5;500;129;136;69;44;52;25;161;51;196;21;100
1189;цса-44524;5;510;137;135;77;58;54;22;160;52;208;22;112
1190;цса-44526;3;433;126;133;67;44;49;26;177;47;186;20;99
1191;цса-44529;5;540;128;136;84;52;54;25;153;52;198;20;107
1192;цса-44530;5;686;131;140;87;54;54;31;163;49;221;24;104
1193;цса-44531;3;410;125;135;64;49;50;25;148;50;180;19;107
1194;цса-45139;3;460;126;127;67;42;51;24;153;47;183;19;120
1195;цса-45533;3;485;125;128;68;45;54;25;162;48;191;22;104
1196;цса-45536;5;502;132;135;74;45;45;26;145;44;210;23;115
1197;цса-45538;5;524;127;134;68;48;54;26;166;49;193;22;103
1198;цса-46353;3;410;125;127;68;41;48;26;155;48;180;19;97
1199;цса-46354;5;513;130;136;71;46;53;28;160;48;202;23;105
1200;цса-46540;3;450;123;132;68;46;48;25;150;47;185;19;95
1201;цса-46541;5;500;127;133;75;45;51;27;160;50;193;21;101
1202;цса-46542;5;520;127;129;71;49;42;26;164;46;196;21;104
1203;цса-46755;5;600;128;137;82;52;50;25;158;51;203;22;118
1204;цса-47545;3;470;126;133;74;53;48;26;153;48;191;21;88
1205;цса-47758;5;524;125;134;76;48;54;26;154;48;201;19;105
1206;цса-49358;3;459;128;129;68;44;51;26;148;49;181;21;101
1207;цса-51102;3;448;128;132;69;47;49;25;146;48;183;20;101
1208;цса-51104;3;440;127;132;67;44;48;23;155;46;186;19;107
1209;цса-51105;3;465;130;136;76;47;52;28;158;45;189;19;102
1210;цса-51306;3;495;126;129;71;45;51;23;163;51;189;19;105
1211;цса-51702;3;450;125;132;56;45;45;24;150;44;192;23;105
1212;цса-51703;3;435;125;128;67;45;52;25;152;48;180;19;95
1213;цса-51704;3;467;123;129;74;46;51;25;152;45;186;20;92
1214;цса-51705;3;456;128;136;66;45;53;24;146;44;184;19;93
1215;цса-51706;5;554;124;127;84;53;54;28;151;54;206;23;110
1216;цса-51708;5;550;127;136;86;53;54;24;158;57;205;23;110
1217;цса-51709;5;510;123;127;74;46;52;25;146;43;193;23;110
1218;цса-51712;5;514;127;132;67;43;50;24;158;48;192;20;95
1219;цса-51714;3;395;122;124;67;38;46;24;146;43;177;20;102
1220;цса-51717;3;480;128;135;72;49;48;25;152;48;194;21;96
1221;цса-51719;3;440;129;135;69;41;56;26;142;49;178;19;90
1222;цса-51723;3;498;125;133;78;48;50;25;165;49;198;22;106
1223;цса-51724;3;426;125;127;64;46;50;28;147;47;181;20;114
1224;цса-52319;5;505;132;129;68;44;45;24;162;48;194;20;105
1225;цса-52321;5;405;124;132;67;44;45;24;145;47;180;19;97
1226;цса-52322;5;443;124;134;67;47;48;23;143;44;188;22;89
1227;цса-52323;5;500;124;133;70;41;46;27;155;47;191;20;104
1228;цса-52324;3;404;125;129;68;47;47;22;154;44;175;19;95
1229;цса-52327;3;465;128;130;67;48;48;24;145;45;189;21;105
1230;цса-52330;3;435;125;124;66;45;47;25;145;47;187;21;103
1231;цса-52726;5;506;125;136;75;46;53;26;153;48;190;23;104
1232;цса-52727;5;550;130;136;78;45;53;25;162;48;200;22;98
1233;цса-52728;3;440;124;126;67;45;50;23;153;48;186;20;98
1234;цса-52730;3;475;125;129;68;45;48;25;162;47;183;20;118
1235;цса-52733;3;480;128;134;68;44;48;28;158;47;191;20;102
1236;цса-52735;3;469;131;136;68;49;48;26;139;47;188;19;98
1237;цса-53118;3;386;127;134;67;48;47;21;157;46;183;20;115
1238;цса-53334;3;447;125;129;69;45;48;24;152;47;187;20;109
1239;цса-53336;5;542;125;132;69;50;44;28;157;47;201;22;105
1240;цса-53340;3;464;123;128;68;51;47;26;149;46;197;19;102
1241;цса-53344;3;470;127;132;74;47;48;21;158;48;185;20;111
1242;цса-53345;3;450;127;131;78;58;54;24;155;52;184;19;97
1243;цса-53505;3;456;124;131;67;47;51;26;152;43;183;21;108
1244;цса-53506;3;567;132;145;76;45;50;26;166;50;201;22;111
1245;цса-53509;3;495;126;135;84;53;48;26;146;48;196;22;100
1246;цса-53511;3;516;133;135;74;47;52;27;158;52;195;21;110
1247;цса-53516;3;424;128;129;67;45;48;24;144;46;175;19;106
1248;цса-53739;3;474;126;133;75;43;53;26;153;48;180;20;96
1249;цса-53740;5;540;126;134;76;49;50;23;159;48;194;21;109
1250;цса-54349;3;430;127;129;64;40;47;24;145;45;182;20;107
1251;цса-54350;3;424;126;132;65;47;45;22;149;47;180;19;92
1252;цса-54356;3;490;126;128;67;44;49;26;154;43;192;21;97
1253;цса-54521;5;530;135;139;76;47;53;26;150;53;193;20;107
1254;цса-54522;3;474;123;129;67;46;49;24;155;49;187;22;102
1255;цса-54524;3;483;123;134;69;50;52;26;163;52;191;21;115
1256;цса-54529;3;455;125;129;68;44;48;25;154;50;188;20;82
1257;цса-54533;3;395;131;133;68;43;49;25;156;48;183;19;97
1258;цса-54534;3;487;132;137;68;47;47;24;152;46;183;21;103
1259;цса-54745;3;455;119;132;69;41;50;25;150;48;186;19;98
1260;цса-55131;3;418;121;125;62;45;43;22;150;44;180;19;113
1261;цса-55143;3;470;127;133;69;44;49;27;153;45;185;20;108
1262;цса-55754;3;467;123;129;68;49;49;23;148;47;187;21;110
1263;цса-58552;3;460;124;134;68;48;47;22;143;47;188;20;102
1264;чфс-0038;5;582;130;133;57;54;50;26;177;50;180;23;110
1265;чфс-0040;5;570;131;133;58;55;50;25;173;52;181;22;108
1266;чфс-0046;5;575;130;131;62;60;57;24;178;55;183;22;103
1267;чфс-0086;5;587;130;131;62;53;57;25;181;55;186;22;86
1268;чфс-0116;5;565;130;134;61;50;48;24;164;47;175;22;103
1269;чфс-0118;5;570;130;133;65;67;44;24;169;51;186;22;88
1270;чфс-0119;5;561;129;133;62;58;57;25;180;57;185;22;97
1271;чфс-0122;5;572;129;132;62;63;64;26;175;65;190;22;99
1272;чфс-0128;5;561;129;131;62;60;59;24;179;57;185;22;100
1273;чфс-0132;5;584;129;132;64;65;58;26;166;52;187;22;80
1274;чфс-0146;5;563;129;132;64;65;60;24;164;55;177;22;96
1275;чфс-04002;5;580;130;132;62;60;58;26;177;55;185;22;92
1276;чфс-04004;5;581;131;133;64;63;60;26;175;59;185;22;109
1277;чфс-04008;5;576;130;132;64;66;58;25;170;50;187;22;103
1278;чфс-04016;5;563;130;134;61;60;58;24;180;51;118;22;108
1279;чфс-04018;5;577;129;132;64;65;58;26;170;50;182;22;89
1280;чфс-04022;5;565;128;130;57;56;58;25;166;56;182;22;86
1281;чфс-04024;5;580;130;133;65;58;56;26;177;56;183;22;101
1282;чфс-04032;5;569;127;130;65;58;54;24;168;54;175;21;81
1283;чфс-04034;5;558;128;131;62;60;52;25;170;54;181;22;109
1284;чфс-04036;5;568;129;131;66;52;54;24;181;53;190;22;95
1285;чфс-04040;5;560;128;130;61;56;53;25;164;50;180;22;96
1286;чфс-04042;5;582;129;133;70;45;48;26;167;45;173;21;100
1287;чфс-04046;5;563;130;132;70;52;53;24;167;50;177;22;81
1288;чфс-04054;5;565;130;131;73;50;52;26;171;52;181;21;95
1289;чфс-04056;5;568;130;132;64;55;52;25;176;53;188;21;83
1290;чфс-04066;5;563;130;132;65;52;50;24;170;52;188;22;105
1291;чфс-04076;5;564;130;133;70;54;62;25;174;55;188;21;93
1292;чфс-04082;5;560;131;133;65;52;48;24;169;51;188;22;108
1293;чфс-04084;5;556;130;132;68;52;53;23;166;52;179;21;101
1294;чфс-04088;5;566;130;132;58;53;50;24;173;52;181;21;93
1295;чфс-04092;5;580;129;131;62;60;52;26;166;53;175;21;85
1296;чфс-04096;5;561;129;131;61;57;56;24;177;52;181;21;94
1297;чфс-04102;5;564;130;132;63;47;43;25;163;52;177;21;85
1298;чфс-04104;5;563;130;131;61;58;56;24;177;53;184;21;83
1299;чфс-14110;5;560;129;131;65;58;60;26;182;55;184;22;106
1300;чфс-14112;5;571;129;133;63;59;60;23;178;56;181;21;88
1301;чфс-14116;5;576;129;132;58;54;53;22;175;52;182;21;102
1302;чфс-14120;5;570;128;131;63;58;55;24;182;57;185;21;87
1303;чфс-14128;5;575;128;130;66;55;56;25;182;55;185;21;94
1304;чфс-14132;5;560;128;131;62;60;54;23;170;55;175;22;98
1305;чфс-14134;5;570;127;130;58;56;57;25;165;56;181;22;97
1306;чфс-14136;5;561;129;132;66;65;59;26;171;52;180;22;98
1307;чфс-14140;5;568;129;132;63;50;51;23;165;54;177;21;97
1308;чфс-14142;5;551;128;130;62;52;50;24;165;48;177;21;110
1309;чфс-14146;5;557;128;130;61;60;52;25;167;55;173;21;96
1310;чфс-14148;5;551;127;130;63;61;58;25;178;56;182;21;84
1311;чфс-14154;5;561;127;129;61;58;56;24;158;46;175;21;85
1312;чфс-14156;5;575;130;130;62;60;53;26;166;52;175;21;101
1313;чфс-14158;5;577;129;130;69;52;54;27;167;51;175;21;99
1314;чфс-14160;5;568;128;130;62;60;51;25;168;54;174;21;101
1315;чфс-14164;5;559;128;130;61;58;47;24;165;52;177;21;85
1316;чфс-14168;5;553;128;131;64;66;58;24;171;50;179;21;91
1317;чфс-14172;5;562;128;131;62;59;54;25;170;51;179;21;106
1318;чфс-14178;5;570;130;131;62;61;59;25;175;56;180;21;107
1319;чфс-14302;5;566;128;130;62;60;57;26;180;57;183;21;109
1320;чфс-14304;5;565;128;130;61;57;58;25;179;53;182;21;106
1321;чфс-14322;5;569;128;131;64;65;58;26;170;50;177;21;93
1322;чфс-14324;5;565;127;130;63;60;57;24;172;58;184;21;102
1323;чфс-14328;5;567;129;131;58;53;50;26;175;50;180;21;109
1324;чфс-14336;5;552;129;131;63;54;59;22;178;55;186;21;82
1325;чфс-14338;5;551;129;131;63;61;52;25;180;56;186;21;97
1326;чфс-14340;5;554;128;130;63;58;55;25;171;56;180;21;90
1327;чфс-24004;5;551;128;131;61;63;55;24;169;55;180;21;91
1328;чфс-24012;5;558;127;130;63;61;52;23;166;53;177;21;85
1329;чфс-24014;5;527;128;131;59;55;53;24;173;52;181;21;95
1330;чфс-24020;5;521;128;131;60;58;59;23;170;59;182;21;110
1331;чфс-24022;5;552;127;130;59;54;53;24;174;53;178;22;108
1332;чфс-24024;5;551;129;131;63;62;54;23;172;55;179;22;96
1333;чфс-24028;5;560;128;131;66;64;63;24;177;59;185;22;101
1334;чфс-24032;5;561;128;130;65;59;54;25;167;55;175;21;101
1335;чфс-24038;5;555;129;132;62;54;58;25;179;57;185;21;89
1336;чфс-24046;5;559;128;131;63;59;57;24;178;53;184;21;104
1337;чфс-24306;5;537;127;130;59;55;51;25;175;52;180;21;106
1338;чфс-27029;5;574;121;131;58;59;46;25;165;52;187;21;101
1339;чфс-27103;5;573;125;128;65;50;52;26;182;54;199;21;93
1340;чфс-27107;5;587;128;130;55;51;48;27;172;48;177;21;88
1341;чфс-27121;5;585;128;135;65;62;50;26;166;50;186;22;96
1342;чфс-27131;5;570;130;135;63;61;52;25;175;50;182;21;103
1343;чфс-3138;5;500;127;129;60;59;52;49;166;52;172;20;109
1344;чфс-34124;5;510;124;127;59;57;56;26;169;50;178;21;102
1345;чфс-34126;3;490;124;128;57;56;55;22;175;50;177;20;93
1346;чфс-34128;3;488;127;130;60;50;49;24;160;48;178;20;83
1347;чфс-34130;3;481;124;128;58;59;52;23;166;51;172;20;101
1348;чфс-34132;3;480;126;129;61;57;55;22;174;51;181;20;110
1349;чфс-34134;3;484;127;129;61;56;51;21;162;49;185;20;84
1350;чфс-34136;3;485;126;128;58;59;51;21;165;51;172;21;97
1351;чфс-34138;3;482;126;128;64;57;55;22;161;53;181;20;105
1352;чфс-34140;3;480;126;128;62;57;56;21;177;52;183;20;84
1353;чфс-4000;5;571;129;133;69;55;50;25;175;56;185;22;97
1354;чфс-4006;5;580;130;133;60;56;52;26;178;53;186;22;91
1355;чфс-4010;5;583;130;134;66;68;53;26;175;52;183;22;92
1356;чфс-4022;5;581;130;134;72;62;57;24;181;54;186;22;91
1357;чфс-4024;5;568;129;133;67;55;53;23;185;59;189;22;84
1358;чфс-4032;5;567;128;131;62;57;50;24;167;50;176;21;88
1359;чфс-4040;5;579;130;133;64;60;50;25;166;48;175;21;99
1360;чфс-4042 ю;5;575;129;132;68;61;54;24;170;52;185;22;93
1361;чфс-4044;5;581;129;132;70;55;54;25;173;50;184;22;106
1362;чфс-4046;5;574;128;131;57;55;54;25;166;50;184;22;95
1363;чфс-44;5;583;130;134;67;64;58;26;175;53;184;21;83
1364;чфс-34606;5;511;126;130;58;52;54;22;160;52;177;20;97
1365;чфс-34608;5;512;127;130;60;56;55;21;175;50;181;20;94
1366;чфс-34610;5;510;124;128;58;54;51;20;158;49;179;21;92
1367;чфс-34612;5;514;124;128;57;50;49;21;160;48;178;20;80
1368;чфс-34614;5;510;126;129;61;59;49;20;164;51;172;21;86
1369;чфс-34616;5;512;127;129;60;56;55;21;175;50;177;20;99
1370;чфс-34618;5;515;127;129;60;57;55;22;174;51;181;20;101
1371;чфс-34620;5;519;126;128;64;50;49;23;181;54;185;20;97
1372;чфс-34622;5;510;127;129;61;59;49;23;164;51;172;20;108
1373;чфс-34624;5;514;124;127;64;56;48;24;160;47;185;21;85
1374;чфс-34626;3;483;126;128;63;49;52;24;174;48;171;20;108
1375;чфс-34628;3;480;126;128;56;46;51;23;174;52;180;20;108
1376;чфс-34630;3;482;126;128;64;56;48;22;161;49;185;20;96
1377;чфс-34632;3;483;127;129;60;59;52;22;164;52;173;20;97
1378;чфс-34634;3;481;126;129;61;57;55;22;174;52;179;20;104
1379;чфс-34636;3;490;127;129;60;52;51;20;180;54;183;20;110
1380;чфс-34638;3;489;127;128;59;57;56;21;169;51;177;20;90
1381;чфс-34640;3;487;128;129;61;59;50;21;166;50;172;20;84
1382;чфс-34642;3;480;127;129;60;54;51;21;160;49;169;20;99
1383;чфс-34644;3;480;127;129;62;56;48;21;162;51;181;20;106
1384;чфс-34646;3;483;127;129;60;50;49;21;181;54;185;20;83
1385;чфс-34648;3;486;126;128;63;56;50;22;162;49;180;20;110
1386;чфс-34650;3;480;127;129;60;50;49;22;161;48;178;20;86
1387;чфс-34652;3;477;126;128;51;49;49;22;160;46;180;20;105
1388;чфс-34654;3;478;127;129;62;57;50;21;167;50;176;20;96
1389;чфс-34656;3;475;126;129;56;48;50;21;166;52;181;20;100
1390;чфс-34658;3;486;127;129;58;59;49;20;164;51;172;20;99
1391;чфс-34660;3;480;126;129;60;54;49;21;177;54;181;20;88
1392;чфс-34662;3;489;127;129;58;54;51;20;176;57;186;21;87
1393;чфс-5437;5;582;123;130;60;59;53;25;177;52;195;22;80
1394;чфс-5453;5;580;129;131;63;50;53;26;175;53;194;22;95
1395;чфс-5454;5;582;129;134;70;51;51;26;173;53;193;22;93
1396;чфс-64104;5;576;124;129;74;54;50;27;164;50;196;21;83
1397;чфс-64110;5;571;125;131;72;53;51;24;166;49;196;20;85
1398;чфс-64111;5;579;128;131;63;60;50;25;167;50;188;22;94
1399;чфс-64118;5;572;117;127;67;38;48;24;146;50;195;21;82
1400;чфс-64122;5;586;118;127;81;44;46;24;148;48;183;21;83
1401;чфс-64132;5;581;124;132;69;45;56;25;145;50;188;20;87
1402;чфс-64138;5;565;127;133;72;49;51;26;155;52;186;20;102
1403;чфс-64140;5;574;124;131;70;42;50;23;166;53;184;21;100
1404;чфс-64146;5;581;129;135;70;47;53;24;156;50;180;21;80
1405;чфс-64152;5;564;125;133;69;44;49;25;151;52;182;20;92
1406;чфс-64154;5;579;129;133;76;42;50;24;152;49;175;19;89
1407;чфс-64182;5;582;125;131;74;49;53;25;162;52;188;21;82
1408;чфс-64183;5;554;128;130;73;49;49;26;158;48;175;21;99
1409;чфс-64184;5;575;121;127;60;36;38;27;164;41;168;21;102
1410;чфс-64192;5;579;126;129;67;46;50;24;159;48;177;19;80
1411;чфс-64194;5;578;129;133;69;51;60;25;170;54;191;22;104
1412;чфс-64196;5;583;126;131;65;52;50;24;175;50;192;21;97
1413;чфс-64202;5;575;129;131;68;50;59;25;166;52;186;20;109
1414;чфс-6456;5;576;130;132;54;53;50;26;178;53;193;23;107
1415;чфс-6470;5;577;124;131;68;50;52;27;153;52;188;22;91
1416;чфс-6472;5;575;127;133;65;50;46;24;163;49;190;21;85
1417;чфс-6476;5;575;124;131;66;42;48;25;148;53;189;21;88
1418;чфс-6478;5;579;124;129;70;50;52;26;149;50;181;21;92
1419;чфс-6480;5;578;134;131;65;44;53;25;151;54;182;21;105
1420;чфс-6482;5;583;133;136;75;55;51;26;164;49;200;21;105
1421;чфс-6484;5;569;128;131;68;49;51;27;160;50;175;20;87
1422;чфс-6486;5;577;127;131;66;51;51;28;154;50;172;21;80
1423;чфс-6488;5;567;131;130;65;51;53;26;157;50;183;20;100
1424;чфс-6494;5;570;122;131;65;50;51;25;145;50;180;21;97
1425;чфс-6498;5;556;127;130;65;48;49;24;150;50;180;30;84
1426;чфс-74200;5;581;125;133;62;53;55;25;190;53;194;21;102
1427;чфс-74204;5;582;127;134;64;50;52;24;170;52;181;20;99
1428;чфс-74206;5;580;128;133;59;52;53;24;166;53;184;21;98
1429;чфс-74218;5;582;127;133;62;57;59;25;177;52;184;23;108
1430;чфс-74220;5;581;129;133;61;56;58;26;177;51;182;21;93
1431;чфс-74222;5;582;125;130;57;56;55;26;174;54;181;21;91
1432;чфс-74224;5;584;127;133;61;58;57;24;177;51;186;22;99
1433;чфс-74230;5;576;129;131;62;59;60;24;180;58;182;21;80
1434;чфс-74232;5;585;125;133;71;62;48;25;152;48;188;21;101
1435;чфс-74234;5;573;127;131;61;60;58;26;177;57;181;20;94
1436;чфс-74248;5;575;127;130;63;64;56;23;150;48;185;21;106
1437;чфс-74250;5;576;128;130;61;52;56;23;176;54;182;21;81
1438;чфс-74252;5;573;128;133;62;58;56;22;178;51;184;21;88
1439;чфс-74254;5;578;127;133;61;57;58;23;177;51;185;21;109
1440;чфс-74256;5;580;130;132;70;46;47;24;150;43;181;21;102
1441;чфс-74258;5;584;127;133;60;48;46;25;160;46;173;21;87
1442;чфс-74260;5;583;128;131;67;72;70;25;173;61;185;22;89
1443;чфс-74292;5;581;128;133;64;66;43;25;150;49;184;21;81
1444;чфс-74298;5;572;127;133;60;55;64;26;177;53;188;22;100
1445;чфс-74310;5;567;129;133;59;58;56;27;178;56;184;22;88
1446;чфс-74312;5;570;128;132;61;57;56;24;177;55;184;22;80
1447;чфс-74330;5;565;129;133;62;60;58;25;178;55;184;21;104
1448;чфс-74332;5;582;130;133;64;63;60;26;175;58;184;21;83
1449;чфс-74334;5;560;127;131;60;62;61;25;171;63;187;21;103
1450;чфс-74336;5;567;128;130;61;58;56;26;176;54;182;21;97
1451;чфс-74338;5;580;128;132;63;62;59;25;172;57;182;21;89
1452;чфс-74340;5;574;128;134;62;65;67;23;171;67;191;21;100
1453;чфс-74344;5;550;127;131;62;45;40;23;159;49;175;21;88
1454;чфс-74346;5;575;127;133;69;65;42;24;150;50;182;21;103
1455;чфс-74349;5;559;128;130;61;58;56;22;176;54;182;21;109
1456;чфс-74350;5;581;129;133;62;63;65;21;173;65;188;22;87
1457;чфс-74352;5;559;129;132;63;63;60;23;175;58;184;22;110
1458;чфс-74354;5;585;128;132;64;65;58;24;162;50;186;21;103
1459;чфс-74356;5;583;129;136;68;72;66;23;173;61;184;22;97
1460;чфс-74358;5;586;129;133;61;57;56;24;177;52;183;21;84
1461;чфс-74360;5;584;129;133;62;61;57;26;166;56;183;21;99
1462;чфс-74362;5;588;126;133;60;62;61;25;172;62;186;21;105
1463;чфс-74364;5;567;128;131;64;65;59;24;164;50;180;22;81
1464;чфс-74366;5;590;129;132;59;62;60;25;175;59;183;21;93
1465;чфс-74368;5;612;129;132;64;48;45;28;165;50;181;22;110
1466;чфс-74370;5;611;129;133;61;58;56;28;177;51;184;21;81
1467;чфс-74372;5;599;127;130;60;57;56;27;171;56;180;21;108
1468;чфс-74374;5;600;128;131;62;58;59;27;179;52;184;22;82
1469;чфс-74376;5;597;127;131;62;60;58;26;169;53;175;21;81
1470;чфс-74378;5;616;129;133;62;62;63;28;177;70;188;21;83
1471;чфс-74380;5;604;128;131;61;57;58;28;177;52;188;21;96
1472;чфс-74384;5;610;127;131;60;49;52;26;164;50;182;21;85
1473;чфс-74386;5;613;126;130;61;58;57;27;165;54;181;21;109
1474;чфс-74394;5;599;129;133;60;59;58;28;181;61;188;22;102
1475;чфс-74418;5;607;125;130;61;56;55;27;175;50;182;21;93
1476;чфс-74500;5;624;128;133;64;63;60;26;175;58;185;22;105
1477;чфс-74502;5;620;129;133;61;60;60;27;180;58;189;22;88
1478;чфс-74523;5;619;127;131;60;51;53;25;166;49;179;21;98
1479;чфс-84506;5;605;127;134;70;64;58;26;170;49;178;21;87
1480;чфс-84508;5;614;127;132;60;56;59;23;171;59;180;21;80
1481;чфс-84542;5;603;127;135;58;48;50;25;160;48;171;21;96
1482;чфс-84546;5;617;130;133;61;63;60;26;177;61;185;21;106
1483;чфс-84574;5;608;127;133;60;58;59;26;167;50;175;21;97
1484;чфс-84582;5;604;127;133;59;45;57;25;169;58;173;21;98
1485;чфс-84590;5;599;127;133;75;58;50;25;166;50;187;22;94
1486;чфс-84612;5;599;127;130;64;47;45;24;160;46;180;21;81
1487;чфс-9060;5;603;128;133;64;63;60;24;175;58;185;22;93
1488;чфс-94636;5;600;127;129;59;53;50;24;166;47;179;21;92
1489;чфс-94702;5;597;125;129;64;57;55;24;170;54;175;21;90
1490;чфс-94704;5;606;124;129;59;53;59;26;170;50;181;21;82
1491;чфс-94706;5;610;125;128;59;52;49;24;159;49;168;20;85
1492;чфс-94708;5;600;126;129;61;54;53;24;175;53;188;21;86
1493;чфс-94712;5;608;125;128;58;57;53;25;166;47;184;21;92
1494;чфс-94714;5;590;124;128;59;54;55;23;166;50;171;21;107
1495;чфс-94718;5;595;129;134;70;51;51;25;173;53;192;22;101
1496;чфс-94720;5;590;127;132;59;50;49;23;171;51;192;22;101
1497;чфс-94722;5;598;124;129;61;57;54;23;166;53;179;21;99
1498;чфс-94724;5;596;126;129;59;53;50;26;168;50;177;21;94
1499;чфс-94726;5;592;124;128;51;48;48;23;164;50;181;20;88
1500;чфс-94728;5;585;125;128;58;57;54;26;170;48;184;21;107
1501;чфс-94732;5;590;126;129;59;55;54;25;166;52;178;21;81
1502;чфс-94736;5;597;124;128;57;50;49;24;160;48;178;20;104
1503;чфс-94738;5;590;125;128;54;53;51;23;167;47;177;21;93
1504;чфс-94740;5;585;125;129;54;53;52;23;169;49;171;21;83
1505;чфс-94742;5;575;123;128;53;54;52;24;163;49;169;20;80
1506;чфс-94744;5;580;126;129;54;50;49;26;164;48;171;19;90
1507;чфс-94746;5;577;126;130;62;56;53;25;164;52;181;21;109
1508;чфс-94748;5;585;128;131;61;57;54;23;170;50;184;21;99
1509;чфс-94750;5;590;129;133;64;63;60;23;117;60;185;21;99
1510;чфс-94752;5;580;128;131;62;57;56;24;178;51;183;21;88
1511;чфс-94754;5;590;129;133;70;66;55;26;170;52;183;21;89
1512;чфс-94756;5;585;127;131;59;56;56;25;172;55;181;21;97
1513;чфс-94758;5;584;128;133;62;64;63;25;174;65;186;21;97
1514;чфс-94760;5;598;128;132;62;60;57;24;178;56;184;21;89
1515;чфс-94762;5;580;127;129;54;50;48;23;166;44;172;21;80
1516;чфс-94764;5;585;127;130;61;59;57;25;172;51;183;22;96
1517;чфс-94766;5;588;128;132;58;53;50;25;172;55;181;21;107
1518;чфс-94770;5;596;127;131;56;52;54;24;161;54;182;22;102
1519;чфс-94772;5;580;127;132;70;52;51;25;166;50;172;21;99
1520;чфс-94774;5;587;128;130;61;50;58;23;180;57;187;22;96
1521;чфс-94776;5;583;127;129;61;60;58;24;181;58;185;22;99
1522;чфс-94778;5;581;128;130;64;65;58;24;162;50;183;22;99
1523;чфс-94780;5;580;128;131;62;61;53;24;167;54;175;22;99
